timestamp,matrix_size,sparsity,num_mults,threads,repeats,n_ok,n_fail,rc_last,csr_build_serial_s_mean,csr_build_serial_s_std,csr_build_parallel_s_mean,csr_build_parallel_s_std,dense_mult_serial_s_mean,dense_mult_serial_s_std,dense_mult_parallel_s_mean,dense_mult_parallel_s_std,csr_mult_serial_s_mean,csr_mult_serial_s_std,csr_mult_parallel_s_mean,csr_mult_parallel_s_std,csr_build_speedup,dense_speedup,csr_speedup,ratio_dense_over_csr_serial,ratio_dense_over_csr_parallel
2026-01-16T00:38:02,1000,0.0,1,1,3,3,0,0,0.006643666666666667,0.00010848655830716217,0.013370333333333333,3.544479275342581e-05,0.0006043333333333333,3.262412195497883e-05,0.0006806666666666667,3.669241520169167e-05,0.0008433333333333334,2.8307831660749557e-05,0.0007393333333333335,3.0550504633039084e-06,0.4968961132856324,0.8878550440744368,1.1406672678088368,0.716600790513834,0.9206492335437328
2026-01-16T00:38:02,1000,0.0,1,2,3,3,0,0,0.006898666666666667,1.550268793897806e-05,0.007414,1.6522711641858505e-05,0.0006093333333333333,2.9160475533388246e-05,0.0003743333333333333,4.821134029803915e-05,0.0008410000000000001,1.3278710503032405e-19,0.00045533333333333336,5.131601439446873e-06,0.9304918622426042,1.6277827248441674,1.8469985358711567,0.7245342845818469,0.8221083455344069
2026-01-16T00:38:02,1000,0.0,1,4,3,3,0,0,0.007116666666666667,4.660829682935578e-05,0.0044403333333333335,1.715614564327712e-05,0.0006253333333333333,5.77350269189621e-06,0.00020466666666666666,9.29157324317757e-06,0.0008733333333333333,4.72581562625262e-06,0.00039799999999999997,1.3453624047073729e-05,1.6027325275880189,3.0553745928338762,2.1943048576214403,0.716030534351145,0.5142378559463987
2026-01-16T00:38:02,1000,0.0,1,8,3,3,0,0,0.006941,0.0001935251921585408,0.005423,9.142756695876777e-05,0.0006163333333333333,2.1548395145191993e-05,0.00032533333333333334,8.848917071220259e-05,0.0008753333333333333,6.110100926607769e-06,0.0006736666666666667,0.00011421179156870512,1.279918864097363,1.894467213114754,1.2993567540821374,0.7041127189642041,0.4829292429490351
2026-01-16T00:38:02,1000,0.0,5,1,3,3,0,0,0.006823999999999999,0.0002783217562462557,0.01374,0.0004543423819103821,0.0027373333333333334,7.516204716034113e-05,0.00305,8.888194417315451e-06,0.004003666666666667,1.001665280087783e-05,0.0038343333333333333,2.6764404221527713e-05,0.4966521106259097,0.8974863387978141,1.0441623924193688,0.6837066022812422,0.7954446666087108
2026-01-16T00:38:02,1000,0.0,5,2,3,3,0,0,0.006867000000000001,3.800000000000012e-05,0.007415666666666667,4.452340208624375e-05,0.0028523333333333335,3.924708057083146e-05,0.0015696666666666665,5.4169487106057505e-05,0.004204333333333333,0.00017643506832070946,0.0023093333333333334,5.10816340119747e-05,0.9260124960668855,1.8171586324060314,1.820583140877598,0.6784270197415365,0.6797055427251731
2026-01-16T00:38:02,1000,0.0,5,4,3,3,0,0,0.007246,0.0001821400560008697,0.004457999999999999,6.4093681435848e-05,0.002923666666666667,9.291573243177481e-06,0.0008286666666666667,2.886751345948074e-06,0.004239,1.1269427669584639e-05,0.0018876666666666668,9.291573243177608e-06,1.625392552714222,3.52815768302494,2.245629524986756,0.6897066918298341,0.4389899346636058
2026-01-16T00:38:03,1000,0.0,5,8,3,3,0,0,0.007122333333333334,4.277070648625441e-05,0.005835666666666666,0.00020494958729729964,0.0028606666666666663,8.366799467737552e-05,0.0015583333333333334,0.00016081459303599695,0.004102333333333334,0.00011450909716408258,0.0025046666666666668,0.00018776936207308496,1.2204832352773178,1.8357219251336894,1.6378759648655843,0.6973267246282602,0.6221719457013575
2026-01-16T00:38:03,1000,0.0,10,1,3,3,0,0,0.008248,0.0027167383017140238,0.01394,0.0012081055417470774,0.0052573333333333335,7.90337480658317e-05,0.006018333333333334,3.521836642056726e-05,0.007849333333333333,2.9091808698211847e-05,0.007634333333333333,8.006455728556363e-05,0.5916786226685796,0.8735530324009969,1.0281622494869667,0.6697808731102429,0.7883246736235429
2026-01-16T00:38:03,1000,0.0,10,2,3,3,0,0,0.0068263333333333336,3.066485501895196e-05,0.007380333333333333,1.059874206372318e-05,0.0054139999999999995,3.732291521304307e-05,0.003124333333333333,5.089531740085075e-05,0.008131666666666667,3.400490160746456e-05,0.004454,3.9849717690342835e-05,0.924935639763335,1.7328496745972475,1.825699745547074,0.6657921705267472,0.7014668462804969
2026-01-16T00:38:03,1000,0.0,10,4,3,3,0,0,0.007342333333333333,0.00039851265140937914,0.004474333333333333,5.065899064660998e-05,0.005644333333333334,2.3007245235649877e-05,0.0016853333333333332,5.221430199986722e-05,0.008403333333333334,1.501110699893026e-05,0.003455666666666667,5.6871199506721586e-05,1.6409893466438203,3.349090189873418,2.4317546059612227,0.6716779055930187,0.4877013600848846
2026-01-16T00:38:03,1000,0.0,10,8,3,3,0,0,0.012983666666666666,0.005538548756969945,0.007625,0.00257066353302022,0.008164333333333334,0.002897902747390487,0.003473,0.001859216770578407,0.011181333333333333,0.003996844296858877,0.004821333333333334,0.0008064144922639558,1.702775956284153,2.350801420481812,2.3191371681415927,0.7301752921535895,0.7203401548672566
2026-01-16T00:38:03,1000,0.0,20,1,3,3,0,0,0.006974666666666666,0.00014407058455261906,0.013666666666666667,0.00033931155791297923,0.010499,0.0003902652943831917,0.012087333333333334,4.2099089459670735e-05,0.015736333333333335,0.00014007973919640551,0.016005000000000002,0.00013509996299037217,0.5103414634146342,0.868595223650102,0.9832135790898677,0.667182105107077,0.7552223263563469
2026-01-16T00:38:04,1000,0.0,20,2,3,3,0,0,0.006925,0.00017586358349584486,0.007418333333333332,5.006329327294924e-05,0.010673000000000002,0.00013471451295239087,0.006280666666666667,3.580968211717819e-05,0.016157666666666667,4.104063027456241e-05,0.008659,1.833030277982314e-05,0.9334980903167829,1.699341895764781,1.8659968433614351,0.6605532977121285,0.7253339492628095
2026-01-16T00:38:04,1000,0.0,20,4,3,3,0,0,0.007141666666666667,1.3576941236277612e-05,0.004446333333333333,9.291573243177481e-06,0.011088,3.122498999199169e-05,0.0032793333333333333,1.3650396819629017e-05,0.016542333333333336,5.250079364479359e-05,0.006568666666666667,7.378572581016822e-05,1.6061923682434964,3.381175035576337,2.5183700395818533,0.6702802909706409,0.49923881051456404
2026-01-16T00:38:04,1000,0.0,20,8,3,3,0,0,0.007248333333333333,0.00015051356528012155,0.005582666666666666,0.00038659065344797615,0.011352333333333334,0.00022565755766943343,0.004964,0.0002997215374309963,0.016684,0.00047436167636098086,0.008274333333333333,0.0002993949454037812,1.2983639837592549,2.286932581251679,2.016355799057326,0.6804323503556301,0.5999274866051645
2026-01-16T00:38:04,1000,0.25,1,1,3,3,0,0,0.0065650000000000005,0.00035510421005670973,0.012064333333333331,0.00029353932161353414,0.0006023333333333333,3.52751092604025e-05,0.0006610000000000001,1.7320508075689195e-06,0.0006356666666666666,1.5275252316519248e-06,0.0006083333333333332,3.356088993655162e-05,0.5441659989500733,0.9112455874936962,1.0449315068493152,0.9475616151022548,1.0865753424657538
2026-01-16T00:38:04,1000,0.25,1,2,3,3,0,0,0.006497333333333333,5.672154205708185e-05,0.006527000000000001,4.611941023040088e-05,0.0005926666666666667,1.1547005383792795e-06,0.00034866666666666667,5.773502691896398e-07,0.00064,4.358898943540655e-06,0.000359,4.340506882842141e-05,0.9954547775905213,1.6998087954110899,1.7827298050139277,0.9260416666666667,0.9712163416898792
2026-01-16T00:38:04,1000,0.25,1,4,3,3,0,0,0.006805666666666667,2.2007574453658634e-05,0.003921666666666667,3.955165398985653e-05,0.0006243333333333334,4.932882862316243e-06,0.00020399999999999997,9.999999999999972e-07,0.00066,2.0000000000000486e-06,0.0002936666666666667,7.5055534994651276e-06,1.735401614959626,3.06045751633987,2.2474460839954595,0.9459595959595961,0.6946651532349601
2026-01-16T00:38:04,1000,0.25,1,8,3,3,0,0,0.006613666666666666,0.0001421489828782935,0.004850666666666667,0.0009219416105878575,0.0006059999999999999,2.3388031127053006e-05,0.000522,7.374957626996918e-05,0.0007343333333333334,0.00011850879010998864,0.0005456666666666666,9.27703257153565e-05,1.3634551951621767,1.1609195402298849,1.3457544288332317,0.8252383113935541,0.9566279780085523
2026-01-16T00:38:05,1000,0.25,5,1,3,3,0,0,0.006486666666666666,0.00024207712269715508,0.011970666666666666,4.219399641339206e-05,0.002788,3.659234892706404e-05,0.0030456666666666666,3.617089069035109e-05,0.002954333333333333,3.774034092762454e-05,0.0027780000000000005,4.358898943540685e-05,0.5418801514813989,0.91539892743789,1.0634749220062392,0.9436985219451653,1.0963522918166544
2026-01-16T00:38:05,1000,0.25,5,2,3,3,0,0,0.006553000000000001,4.677606225410594e-05,0.006546666666666667,9.451631252505156e-06,0.0028406666666666667,3.055050463304062e-06,0.0015453333333333332,3.51188458428428e-06,0.0030646666666666665,4.041451884327416e-06,0.0014646666666666669,1.850225211517052e-05,1.0009674134419553,1.8382226056945643,2.09239872553482,0.926908853600174,1.0550751024123803
2026-01-16T00:38:05,1000,0.25,5,4,3,3,0,0,0.0067803333333333335,1.803699901129179e-05,0.003931,3.567912554982276e-05,0.0029393333333333333,2.107921567168308e-05,0.0008556666666666666,3.837099599089566e-05,0.0031190000000000002,1.1357816691600413e-05,0.0009773333333333333,1.960442127004347e-05,1.7248367675739849,3.4351382937280874,3.1913369713506143,0.9423960671155284,0.8755115961800818
2026-01-16T00:38:05,1000,0.25,5,8,3,3,0,0,0.006648,0.00020908610666421585,0.004921,0.00032359388127713417,0.002914,6.999999999999938e-06,0.0013686666666666667,9.434157796715792e-05,0.0030673333333333334,7.736493607140987e-05,0.0017013333333333333,0.00011793783673331193,1.3509449298922984,2.129079396005845,1.8028996865203761,0.9500108672027819,0.8044670846394985
2026-01-16T00:38:05,1000,0.25,10,1,3,3,0,0,0.006359666666666667,0.00010027129865187434,0.011863,2.2113344387495463e-05,0.005229333333333333,2.8867513459485118e-06,0.006077666666666666,2.5890796305508343e-05,0.0057740000000000005,1.8734993995195043e-05,0.005532,4.493328387732201e-05,0.5360926128860042,0.8604179235452203,1.0437454808387565,0.9056690913289458,1.0986382260785732
2026-01-16T00:38:05,1000,0.25,10,2,3,3,0,0,0.006494,5.729746940310698e-05,0.00656,1.743559577416272e-05,0.005418,3.42198772645373e-05,0.003106333333333333,2.4110855093366758e-05,0.005922,2.2912878474779116e-05,0.002909333333333333,5.614564393907454e-05,0.9899390243902438,1.7441785599313233,2.035517873510541,0.9148936170212766,1.067713107241063
2026-01-16T00:38:05,1000,0.25,10,4,3,3,0,0,0.006783666666666667,9.609023536933001e-06,0.003897666666666667,2.5324559884296857e-05,0.0056700000000000006,2.2271057451320394e-05,0.001662,2.9999999999999645e-06,0.006138666666666667,2.516611478423567e-05,0.0018989999999999999,1.2999999999999974e-05,1.7404430000855213,3.411552346570397,3.232578550114096,0.9236533449174631,0.8751974723538706
2026-01-16T00:38:05,1000,0.25,10,8,3,3,0,0,0.006618333333333333,0.00020991506218786055,0.004379,0.000668078588191539,0.005609333333333333,0.00010473458518241873,0.002731666666666667,0.0003079355993277382,0.00602,0.00014646159906268937,0.0026976666666666664,0.00023764329010795426,1.511380071553627,2.0534472239170225,2.2315581366613126,0.931782945736434,1.0126034844927718
2026-01-16T00:38:06,1000,0.25,20,1,3,3,0,0,0.006412,0.00024269322199023182,0.012103666666666665,0.00016685722439658786,0.010407999999999999,0.00010221056696839102,0.012128666666666668,5.580621231846235e-05,0.011429333333333333,3.8798625405204055e-05,0.010938666666666666,9.732591295915593e-05,0.5297568230012945,0.8581322486670696,1.044856167723062,0.9106392907139523,1.1087883959044371
2026-01-16T00:38:06,1000,0.25,20,2,3,3,0,0,0.006561,0.00012957237359869576,0.006579000000000001,0.00010750348831549579,0.010785999999999999,0.00022387273170263513,0.006202,5.9194594347795266e-05,0.011688333333333334,5.39475053485635e-05,0.005856,9.29731143933556e-05,0.9972640218878248,1.7391164140599804,1.9959585610200363,0.9228005133323826,1.0590846994535519
2026-01-16T00:38:06,1000,0.25,20,4,3,3,0,0,0.007742333333333334,0.0016694551007239854,0.004111333333333334,0.00022907276864204824,0.011154333333333334,4.923751956926121e-05,0.003292,8.18535277187245e-06,0.012078,6.495382975622028e-05,0.003716,4.881598098983568e-05,1.883168477379601,3.3883151073309037,3.2502691065662,0.923524866147817,0.8858988159311086
2026-01-16T00:38:06,1000,0.25,20,8,3,3,0,0,0.006743333333333333,7.767453465154222e-06,0.004706666666666667,0.0004860723540105249,0.011087666666666668,9.865765724631811e-06,0.004524666666666667,5.7073052602198355e-05,0.012156333333333333,0.00012725695789752813,0.005581666666666666,0.0005851677822072344,1.4327195467422094,2.45049359068808,2.1779038518960885,0.9120897200361952,0.8106300388175577
2026-01-16T00:38:06,1000,0.5,1,1,3,3,0,0,0.006584,0.00026953849446785885,0.010676,0.00023804831442377413,0.0005926666666666667,1.6772994167212165e-05,0.0006896666666666667,5.315386470740706e-05,0.00042833333333333335,2.3094010767584968e-06,0.000391,4.1677331968349403e-05,0.6167103784188834,0.8593523441275979,1.0954816709292412,1.383657587548638,1.76385336743393
2026-01-16T00:38:06,1000,0.5,1,2,3,3,0,0,0.006693,4.517742799230616e-05,0.005681666666666667,4.041451884327452e-06,0.0006173333333333333,4.387862045841156e-05,0.00034533333333333334,2.0816659994661315e-06,0.000436,4.000000000000016e-06,0.00021666666666666666,3.214550253664325e-06,1.1779994133176883,1.7876447876447876,2.0123076923076924,1.4159021406727827,1.593846153846154
2026-01-16T00:38:06,1000,0.5,1,4,3,3,0,0,0.006969,4.714870093650524e-05,0.0034260000000000002,2.3895606290697135e-05,0.0006266666666666665,3.2145502536643347e-06,0.00019733333333333332,5.773502691896242e-07,0.00044866666666666666,2.0816659994661315e-06,0.000173,5.196152422706618e-06,2.0341506129597198,3.175675675675675,2.5934489402697496,1.3967310549777114,1.140655105973025
2026-01-16T00:38:06,1000,0.5,1,8,3,3,0,0,0.0065963333333333325,5.8534889880594525e-05,0.004247999999999999,0.0002009577069932874,0.0006166666666666667,1.1930353445448859e-05,0.000394,9.223882046080165e-05,0.0004586666666666667,1.0692676621563637e-05,0.0004786666666666667,7.018784320189168e-05,1.5528091650973008,1.565143824027073,0.958217270194986,1.3444767441860466,0.8231197771587743
2026-01-16T00:38:07,1000,0.5,5,1,3,3,0,0,0.0066419999999999995,0.000155199871133967,0.010790333333333332,9.552137631615976e-05,0.002737,5.026927491022715e-05,0.003016333333333333,4.318950489798789e-05,0.0019143333333333332,4.266536456346445e-05,0.0016946666666666666,2.112660250332114e-05,0.6155509561026845,0.9073930821085203,1.129622344610543,1.4297405537175691,1.779897718332022
2026-01-16T00:38:07,1000,0.5,5,2,3,3,0,0,0.0067993333333333334,0.00030770169536961157,0.005864,0.0001933313218286162,0.002872,0.00012701181047445953,0.0016223333333333333,6.404946005497103e-05,0.0019953333333333333,8.612394169644885e-05,0.000893,3.351119216023208e-05,1.1595043201455206,1.770289706184508,2.2344158268010452,1.4393585031740728,1.8167226577081
2026-01-16T00:38:07,1000,0.5,5,4,3,3,0,0,0.006945666666666667,1.3576941236277334e-05,0.003408,5.370288632839009e-05,0.0029200000000000003,1.4730919862656202e-05,0.0008363333333333334,1.5275252316519248e-06,0.002,7.000000000000031e-06,0.0004913333333333333,1.4011899704655817e-05,2.038047730829421,3.4914308489438026,4.07055630936228,1.4600000000000002,1.7021709633649933
2026-01-16T00:38:07,1000,0.5,5,8,3,3,0,0,0.008743666666666667,0.0027542495045535247,0.0048066666666666666,0.0005100003267972807,0.0031,0.0002719503631179778,0.0014123333333333334,0.00017168964247540772,0.002067,5.483611948342064e-05,0.001152,0.0001489395850672346,1.8190707350901527,2.194949256549445,1.794270833333333,1.4997581035316885,1.2259837962962963
2026-01-16T00:38:07,1000,0.5,10,1,3,3,0,0,0.006599,0.00016272983746074362,0.010755,0.00020929166251907843,0.0052766666666666665,5.02924779001129e-05,0.006037333333333333,2.494660965609041e-05,0.003650333333333333,3.6363901514184725e-05,0.003401,4.326661530556778e-05,0.613575081357508,0.874006183745583,1.0733117710477311,1.4455300885763858,1.7751641674017444
2026-01-16T00:38:07,1000,0.5,10,2,3,3,0,0,0.0066296666666666665,4.393555887129853e-05,0.005774666666666667,6.636515149785566e-05,0.005399,9.53939201416945e-06,0.0031596666666666665,2.5890796305508506e-05,0.0037176666666666664,5.272886622461501e-05,0.0017473333333333334,2.3028967265887853e-05,1.1480604941122143,1.7087245490030596,2.1276230446394506,1.4522549986550706,1.8082792827165204
2026-01-16T00:38:07,1000,0.5,10,4,3,3,0,0,0.006947666666666667,1.9756855350316646e-05,0.003434333333333333,6.448514040717703e-05,0.005672666666666666,4.705670338361316e-05,0.0016536666666666668,3.7859388972001886e-06,0.0038603333333333332,6.469415223444342e-05,0.0009716666666666667,9.451631252505202e-06,2.0230030088323794,3.4303567829066717,3.9728987993138936,1.4694758656419997,1.7018867924528303
2026-01-16T00:38:07,1000,0.5,10,8,3,3,0,0,0.006792333333333333,0.00023501560231893812,0.004143666666666666,0.0006334487614111606,0.005615666666666667,9.843441132720468e-05,0.0025903333333333334,0.00013213755459116582,0.0038586666666666665,2.0550750189064584e-05,0.0014283333333333335,0.00012067449330050386,1.639208430536562,2.167932055076567,2.7015169194865805,1.4553386316516934,1.8135355892648772
2026-01-16T00:38:07,1000,0.5,20,1,3,3,0,0,0.006487,4.2579337712087414e-05,0.010659666666666666,2.9905406423142505e-05,0.010340333333333333,9.340413980832564e-05,0.012094666666666665,0.00016264173306176146,0.006953666666666666,0.0001232652965490831,0.006665,3.064310689208941e-05,0.6085556146220957,0.8549498401499285,1.0433108277069267,1.4870332198839942,1.8146536634158537
2026-01-16T00:38:08,1000,0.5,20,2,3,3,0,0,0.006651666666666667,3.7647487742654886e-05,0.005730333333333334,3.181718613160736e-05,0.010653999999999999,2.9512709126747273e-05,0.006254,2.8160255680657213e-05,0.007251999999999999,0.00013084723917607122,0.0035423333333333335,8.750047618918057e-05,1.1607818044325517,1.7035497281739684,2.047238166933283,1.4691119691119692,1.765502964147925
2026-01-16T00:38:08,1000,0.5,20,4,3,3,0,0,0.0069823333333333334,4.418521623046914e-05,0.003467,4.386342439892248e-05,0.011226666666666668,0.00010008163334664991,0.003309,4.331281565541542e-05,0.0075056666666666666,6.995951210045232e-05,0.001923,2.2715633383201073e-05,2.013940967214691,3.3927672005641187,3.9031027907782976,1.4957587600479638,1.7207488299531981
2026-01-16T00:38:08,1000,0.5,20,8,3,3,0,0,0.006745000000000001,0.00021401168192414157,0.004522666666666667,0.00040076468573632234,0.011041666666666667,0.00013470461511519717,0.004973,0.0004841941759253201,0.0074793333333333335,7.47685317050787e-05,0.0030626666666666667,0.00017672671935316781,1.4913767688679247,2.2203230779542866,2.442098389203309,1.4762902219449148,1.6237483674357858
2026-01-16T00:38:08,1000,0.75,1,1,3,3,0,0,0.005252,0.0020008600650720182,0.006938333333333334,0.0014033076403031995,0.0006306666666666666,6.261256529909419e-05,0.000715,7.641334961902927e-05,0.0002523333333333333,2.5540817005987375e-05,0.00017666666666666666,1.9502136635080106e-05,0.7569541196252701,0.8820512820512819,1.4283018867924526,2.4993394980184944,4.047169811320755
2026-01-16T00:38:08,1000,0.75,1,2,3,3,0,0,0.004326666666666667,0.00016870783423816857,0.0033849999999999996,9.971459271340374e-05,0.0006093333333333334,2.7537852736430487e-05,0.0003793333333333333,3.669241520169168e-05,0.000233,7.937253933193775e-06,9.366666666666666e-05,3.7859388972001797e-06,1.2781880846873463,1.6063268892794378,2.4875444839857654,2.61516452074392,4.049822064056939
2026-01-16T00:38:08,1000,0.75,1,4,3,3,0,0,0.0043430000000000005,7.566372975210747e-05,0.001989,3.407345007480149e-05,0.0006263333333333333,4.041451884327363e-06,0.000204,9.999999999999972e-07,0.00023400000000000002,1.7320508075688725e-06,5.8e-05,9.999999999999972e-07,2.18350930115636,3.070261437908497,4.03448275862069,2.6766381766381766,3.5172413793103448
2026-01-16T00:38:08,1000,0.75,1,8,3,3,0,0,0.004203666666666667,7.681362726322304e-05,0.0024779999999999997,0.00015379531852432947,0.0006183333333333334,1.184623709594455e-05,0.000371,0.00011629703349613008,0.00025666666666666665,2.318045153428494e-05,0.00020933333333333332,8.483120495037973e-05,1.6963949421576545,1.6666666666666667,1.2261146496815287,2.409090909090909,1.7722929936305736
2026-01-16T00:38:08,1000,0.75,5,1,3,3,0,0,0.0041003333333333334,0.00012471701300678013,0.006145333333333333,0.00023107646642038938,0.0026999999999999997,4.467661580737721e-05,0.0030296666666666666,1.778576209593887e-05,0.0008733333333333333,5.1316014394468895e-06,0.0007869999999999999,4.503332099679084e-05,0.6672271642438707,0.8911871493013532,1.109699279966116,3.091603053435114,3.8496399830580263
2026-01-16T00:38:08,1000,0.75,5,2,3,3,0,0,0.004202666666666666,7.215492591177191e-05,0.003287333333333333,5.918051481132397e-05,0.002844333333333333,9.074322747915323e-05,0.0015890000000000001,4.084115571332424e-05,0.000896,1.7320508075689193e-06,0.000423,2.861817604250839e-05,1.278442506590955,1.7900146842878115,2.1182033096926713,3.174479166666666,3.7565011820330976
2026-01-16T00:38:08,1000,0.75,5,4,3,3,0,0,0.004319333333333333,3.690979996333411e-05,0.0020440000000000002,2.1931712199461333e-05,0.002923,9.539392014169472e-06,0.0008313333333333332,1.154700538379217e-06,0.0009536666666666666,1.1372481406154644e-05,0.000228,1.0000000000000108e-06,2.113176777560339,3.5160384923817163,4.182748538011695,3.065012233484796,3.646198830409356
2026-01-16T00:38:08,1000,0.75,5,8,3,3,0,0,0.004173333333333334,2.2007574453658634e-05,0.002441333333333333,1.5275252316519507e-05,0.002915666666666667,1.1547005383792546e-05,0.0011163333333333331,8.517237423797299e-05,0.0009503333333333334,7.571877794400363e-06,0.000661,9.914131328563286e-05,1.7094483888585474,2.6118244252015534,1.437720625315179,3.0680462995440196,1.6888552697932422
2026-01-16T00:38:09,1000,0.75,10,1,3,3,0,0,0.004152,0.00013155987230154952,0.006174333333333333,0.0001700156855508729,0.005378999999999999,9.689169211031469e-05,0.006266666666666667,0.00019869910249755346,0.0016743333333333334,3.87986254052039e-05,0.0015726666666666667,3.262412195497893e-05,0.6724612643740215,0.8583510638297871,1.0646460364561257,3.2126219390802304,3.984739296311997
2026-01-16T00:38:09,1000,0.75,10,2,3,3,0,0,0.004169333333333333,9.017945072650043e-05,0.003258333333333333,5.6447615833915645e-05,0.0054266666666666664,4.4410959608336915e-05,0.003127,2.6851443164195124e-05,0.0017366666666666667,3.444318994131253e-05,0.000803,2.0000000000000486e-06,1.2795907928388748,1.7354226628291227,2.162723121627231,3.1247600767754315,3.8941469489414695
2026-01-16T00:38:09,1000,0.75,10,4,3,3,0,0,0.004312,5.05865594797671e-05,0.0019556666666666668,4.377594468807414e-05,0.0056233333333333335,6.429100507328501e-06,0.001652,1.11355287256601e-05,0.0017940000000000002,1.374772708486757e-05,0.0004493333333333333,3.5118845842842496e-06,2.2048747230271006,3.403954802259887,3.992581602373888,3.134522482348569,3.676557863501484
2026-01-16T00:38:09,1000,0.75,10,8,3,3,0,0,0.006972333333333333,0.00052047798544543,0.003826666666666667,0.0011133235528512512,0.008198666666666667,0.001702417790477218,0.003261,0.0010272102997925983,0.002383,0.0005572683375179322,0.000902,0.0003327626781957376,1.822038327526132,2.514157211489318,2.641906873614191,3.440481186179885,3.61529933481153
2026-01-16T00:38:09,1000,0.75,20,1,3,3,0,0,0.004829,0.0014316239031253984,0.006568666666666667,0.0010327072834706518,0.010568,0.00024755605425842416,0.012098999999999999,0.0001613970259949052,0.0032456666666666662,2.2744962812309376e-05,0.0030623333333333336,1.7214335111567136e-05,0.7351568050339997,0.8734606165798827,1.0598672036573418,3.256033685940228,3.950908893000979
2026-01-16T00:38:09,1000,0.75,20,2,3,3,0,0,0.004246333333333334,0.00023847920943623847,0.003294,7.104224095564545e-05,0.010613,8.227393268830673e-05,0.006288333333333333,4.303874223688848e-05,0.0033599999999999997,1.7320508075688568e-06,0.0017093333333333333,0.0001425529141523712,1.2891115158874722,1.6877285979326795,1.9656786271450857,3.1586309523809524,3.6788221528861156
2026-01-16T00:38:09,1000,0.75,20,4,3,3,0,0,0.004352000000000001,8.335466393669883e-05,0.0019850000000000002,7.969943538068503e-05,0.011181333333333333,6.006940430313379e-05,0.0033240000000000006,2.858321185591294e-05,0.0034953333333333334,1.2423096769056047e-05,0.0008893333333333334,1.2583057392117893e-05,2.192443324937028,3.363818692338547,3.930284857571214,3.1989319092122828,3.737631184407796
2026-01-16T00:38:09,1000,0.75,20,8,3,3,0,0,0.004318666666666666,0.00011054561652699442,0.0027229999999999997,0.0004263672126231095,0.011054,0.00012732635233917683,0.005404,0.00044050425650610936,0.0034333333333333334,0.0001070015576210613,0.0019733333333333334,0.0004773325186212787,1.5859958379238583,2.045521835677276,1.7398648648648647,3.2196116504854366,2.7385135135135132
2026-01-16T00:38:09,1000,0.9,1,1,3,3,0,0,0.002296,0.0001050761628534274,0.0030263333333333336,0.00014702494119479652,0.000631,4.7947888378947405e-05,0.0006586666666666668,1.934769581457524e-05,9.166666666666667e-05,3.7859388972001844e-06,6.966666666666666e-05,1.1547005383792562e-06,0.7586738627602158,0.957995951417004,1.3157894736842106,6.883636363636364,9.454545454545457
2026-01-16T00:38:09,1000,0.9,1,2,3,3,0,0,0.0022173333333333333,2.6689573494781352e-05,0.001662,3.124099870362668e-05,0.0005873333333333334,1.5275252316519364e-06,0.000335,1.7320508075688566e-06,9.1e-05,0.0,4.0333333333333336e-05,5.773502691896242e-07,1.3341355796229442,1.7532338308457711,2.256198347107438,6.454212454212454,8.305785123966942
2026-01-16T00:38:09,1000,0.9,1,4,3,3,0,0,0.003224,0.001218542982417937,0.0012946666666666668,0.0003099311751556034,0.0007453333333333334,0.00018766281819618217,0.00022433333333333333,5.7873425104561896e-05,0.00011133333333333333,2.657693235370353e-05,3.766666666666667e-05,1.3316656236958787e-05,2.4902162718846546,3.3224368499257064,2.9557522123893802,6.694610778443114,5.95575221238938
2026-01-16T00:38:10,1000,0.9,1,8,3,3,0,0,0.002308,3.26036807738022e-05,0.001947,0.000353297325209235,0.0006273333333333334,2.3094010767584968e-06,0.00031233333333333335,0.00010885923632532674,0.00010166666666666667,7.505553499465138e-06,0.00018833333333333332,8.459511412211307e-05,1.1854134565998975,2.008537886872999,0.5398230088495576,6.170491803278689,1.658407079646018
2026-01-16T00:38:10,1000,0.9,5,1,3,3,0,0,0.0021986666666666665,0.00011029203658167406,0.003026666666666667,0.00011547005383792521,0.0027703333333333334,0.00010002166431995294,0.0030153333333333334,4.643633634701749e-05,0.000355,2.6457513110645937e-06,0.00036,5.196152422706633e-05,0.7264317180616738,0.9187486181737785,0.986111111111111,7.803755868544601,8.375925925925925
2026-01-16T00:38:10,1000,0.9,5,2,3,3,0,0,0.0022426666666666667,2.5929391302792447e-05,0.0015973333333333332,3.8888730158406235e-05,0.002783666666666667,2.4378952670968523e-05,0.0015633333333333332,3.4385074281340976e-05,0.00038300000000000004,3.2078029864690894e-05,0.00017900000000000001,1.0000000000000108e-06,1.4040066777963274,1.7805970149253734,2.1396648044692737,7.268059181897302,8.733705772811916
2026-01-16T00:38:10,1000,0.9,5,4,3,3,0,0,0.0023323333333333334,9.291573243177659e-06,0.0010826666666666667,2.9143323992525868e-05,0.002883,6.928203230275427e-06,0.0008273333333333332,4.041451884327353e-06,0.000387,5.567764362830021e-06,0.00012966666666666668,1.2055427546683423e-05,2.1542487684729066,3.4846897663174863,2.984575835475578,7.449612403100776,6.3804627249357315
2026-01-16T00:38:10,1000,0.9,5,8,3,3,0,0,0.00242,3.811823710509189e-05,0.0016236666666666667,0.0003241825617354106,0.0029936666666666666,4.041451884327255e-06,0.0010926666666666665,0.00023117165339490335,0.0004076666666666667,4.041451884327367e-06,0.0005673333333333333,5.1829849829353524e-05,1.4904537056045986,2.739780353874314,0.718566392479436,7.343417825020441,1.9259694477085778
2026-01-16T00:38:10,1000,0.9,10,1,3,3,0,0,0.0030373333333333333,0.0014010497255034647,0.0036666666666666666,0.0012644846117424024,0.005949333333333334,0.0011818461546806054,0.006377333333333333,0.0005368708721222759,0.0007226666666666667,4.045161719058133e-05,0.0006933333333333335,3.271594921950656e-05,0.8283636363636364,0.932887309220155,1.0423076923076922,8.232472324723249,9.19807692307692
2026-01-16T00:38:10,1000,0.9,10,2,3,3,0,0,0.002253666666666667,3.594903800289146e-05,0.0016186666666666667,7.305021104236005e-05,0.005432,4.769696007084711e-05,0.003154,2.5000000000000066e-05,0.0006946666666666667,3.0550504633039203e-06,0.00035200000000000005,9.999999999999972e-07,1.3922981878088962,1.7222574508560557,1.9734848484848482,7.81957773512476,8.960227272727272
2026-01-16T00:38:10,1000,0.9,10,4,3,3,0,0,0.002344,1.2124355652981997e-05,0.0011003333333333334,1.6563010998406478e-05,0.005680666666666666,6.446963109351026e-05,0.0016556666666666666,9.0737717258774e-06,0.0007356666666666666,1.5275252316519836e-06,0.0002486666666666666,5.0332229568471644e-06,2.130263556498031,3.4310448963156834,2.9584450402144773,7.721794290892615,6.658176943699733
2026-01-16T00:38:10,1000,0.9,10,8,3,3,0,0,0.002243666666666667,2.2278539748675997e-05,0.001718,0.00015006331996860524,0.005412,0.00010514751542475915,0.0028313333333333333,0.00037759413837258295,0.0007650000000000001,1.1789826122551611e-05,0.00046133333333333334,0.00015144085754291453,1.3059759410166862,1.9114669178243466,1.6582369942196533,7.074509803921568,6.137283236994219
2026-01-16T00:38:10,1000,0.9,20,1,3,3,0,0,0.0022456666666666666,7.219649114280641e-05,0.003026666666666667,0.00013793235056843375,0.010524,0.0002745305083228457,0.012152333333333334,1.8230011885167716e-05,0.0013483333333333333,3.781974792794545e-05,0.001325,2.0223748416156705e-05,0.7419603524229074,0.866006528238747,1.0176100628930818,7.805191594561187,9.171572327044027
2026-01-16T00:38:10,1000,0.9,20,2,3,3,0,0,0.0022559999999999998,7.313685801290622e-05,0.001594,4.513313638558699e-05,0.010632999999999998,3.2603680773801724e-05,0.006287333333333333,7.25281554524403e-05,0.001384,2.858321185591294e-05,0.0007183333333333334,3.5232560697930174e-05,1.4153074027603512,1.6911780299013888,1.9266821345707654,7.682803468208091,8.752668213457076
2026-01-16T00:38:10,1000,0.9,20,4,3,3,0,0,0.002329,6.557438524302011e-06,0.001104,2.645751311064573e-06,0.011248000000000001,0.00025685209751917493,0.0032996666666666665,1.662327685305537e-05,0.0014486666666666667,1.258305739211795e-05,0.0005023333333333334,3.4019602192461546e-05,2.1096014492753623,3.408829174664108,2.8838752488387525,7.764381040036816,6.568679495686794
2026-01-16T00:38:10,1000,0.9,20,8,3,3,0,0,0.002219,4.12431812546025e-05,0.0018063333333333334,3.1722757341273745e-05,0.010975333333333332,9.542187030934451e-05,0.0052716666666666676,0.000799885200096447,0.0014483333333333334,4.509249752822948e-06,0.00121,0.00016145587632539115,1.2284554345820262,2.0819475181789433,1.196969696969697,7.577905638665131,4.356749311294767
2026-01-16T00:38:10,1000,0.95,1,1,3,3,0,0,0.001661,7.711679453919234e-05,0.002048,3.874274125562115e-05,0.0005833333333333334,1.8009256878986825e-05,0.000664,2.433105012119287e-05,4.9e-05,1.0000000000000006e-06,4.233333333333333e-05,1.5275252316519462e-06,0.81103515625,0.8785140562248996,1.1574803149606299,11.904761904761907,15.68503937007874
2026-01-16T00:38:11,1000,0.95,1,2,3,3,0,0,0.0017463333333333332,9.073771725877524e-06,0.0011539999999999999,6.928203230275427e-06,0.000615,2.6457513110645933e-06,0.00034599999999999995,3.6055512754639943e-06,5.1e-05,0.0,2.6e-05,2.6457513110645903e-06,1.5132871172732525,1.7774566473988442,1.9615384615384617,12.058823529411764,13.307692307692307
2026-01-16T00:38:11,1000,0.95,1,4,3,3,0,0,0.0017423333333333334,8.082903768654832e-06,0.0007686666666666666,7.023769168568499e-06,0.0006156666666666667,3.7859388972001742e-06,0.00017966666666666665,5.773502691896398e-07,5.133333333333333e-05,5.773502691896242e-07,2.5666666666666666e-05,1.1547005383792503e-06,2.266695576756288,3.426716141001856,2.0,11.993506493506494,7.0
2026-01-16T00:38:11,1000,0.95,1,8,3,3,0,0,0.0017413333333333332,8.386497083606072e-06,0.0011,4.4034077712607974e-05,0.000612,1.7320508075688568e-06,0.00043633333333333333,6.379916404885988e-05,5.266666666666666e-05,1.5275252316519462e-06,0.000189,5.8403767001795345e-05,1.5830303030303028,1.4025974025974026,0.27865961199294526,11.620253164556964,2.308641975308642
2026-01-16T00:38:11,1000,0.95,5,1,3,3,0,0,0.0017366666666666665,1.3051181300301274e-05,0.002074333333333333,1.0785793124908994e-05,0.0028569999999999997,2.5238858928247993e-05,0.003263,5.567764362830099e-06,0.00020566666666666663,1.1547005383792484e-06,0.0002043333333333333,5.773502691896242e-07,0.8372167764743693,0.8755746245786086,1.0065252854812399,13.891410048622367,15.969004893964112
2026-01-16T00:38:11,1000,0.95,5,2,3,3,0,0,0.0017220000000000002,3.340658617698017e-05,0.0011126666666666665,5.3425961229849e-05,0.0028006666666666666,6.293912402737529e-05,0.001608,5.840376700179536e-05,0.00020266666666666664,6.65832811847939e-06,0.00010866666666666667,3.5118845842842433e-06,1.5476333133612945,1.7417081260364842,1.8650306748466254,13.819078947368423,14.797546012269938
2026-01-16T00:38:11,1000,0.95,5,4,3,3,0,0,0.0017593333333333332,2.7465129406819362e-05,0.0007786666666666667,3.385754470326123e-05,0.0029206666666666665,4.1669333248005556e-05,0.0008686666666666666,5.484827557301447e-05,0.00020966666666666668,4.041451884327381e-06,0.0002403333333333333,9.609023536933037e-06,2.259417808219178,3.362240982348427,0.8723994452149794,13.930047694753576,3.614424410540915
2026-01-16T00:38:11,1000,0.95,5,8,3,3,0,0,0.001749,2.381176179958136e-05,0.0010813333333333332,8.857388629462601e-05,0.0028929999999999997,5.173973328110607e-05,0.001511,0.0004105398884396008,0.000211,4.35889894354067e-06,0.0002953333333333334,0.00012009301950293918,1.617447595561036,1.914626075446724,0.7144469525959367,13.710900473933648,5.116252821670428
2026-01-16T00:38:11,1000,0.95,10,1,3,3,0,0,0.0016963333333333333,8.444130111108747e-05,0.0020133333333333336,6.296295206971592e-05,0.005265666666666666,0.00012613220577367752,0.006128666666666667,4.570922591045882e-05,0.0003666666666666666,5.773502691896085e-07,0.000372,0.0,0.842549668874172,0.8591863374306536,0.9856630824372759,14.360909090909091,16.474910394265233
2026-01-16T00:38:11,1000,0.95,10,2,3,3,0,0,0.0016563333333333332,4.21584313433663e-05,0.00111,4.978955713801845e-05,0.005396666666666668,3.592121007612818e-05,0.0031483333333333333,1.2662279942148315e-05,0.0003773333333333333,5.773502691896398e-07,0.00020366666666666667,1.5275252316519423e-06,1.492192192192192,1.7141344626786663,1.8527004909983633,14.30212014134276,15.458265139116202
2026-01-16T00:38:11,1000,0.95,10,4,3,3,0,0,0.00173,2.645751311064573e-06,0.000817,4.288356328478318e-05,0.005611666666666667,7.746827307571361e-05,0.0016493333333333334,6.110100926607723e-06,0.00039699999999999995,1.7320508075688881e-06,0.0005960000000000001,1.2165525060596423e-05,2.1175030599755202,3.402384801940178,0.6661073825503354,14.13518052057095,2.7673378076062636
2026-01-16T00:38:11,1000,0.95,10,8,3,3,0,0,0.0017143333333333333,5.122824741617989e-05,0.0012146666666666668,0.00010551935051607045,0.005488666666666667,0.00012174289849241045,0.002758333333333333,0.00028851747491847576,0.0004,5.5677643628300215e-06,0.0006276666666666667,0.000261889925986727,1.4113611416026342,1.9898489425981876,0.6372809346787042,13.721666666666666,4.394583112055231
2026-01-16T00:38:11,1000,0.95,20,1,3,3,0,0,0.0016406666666666668,8.408527417647713e-05,0.0020046666666666667,6.64253967495365e-05,0.010424000000000001,0.00021737295139920244,0.012173666666666666,2.750151510977749e-05,0.0007143333333333333,1.5275252316519248e-06,0.000807,1.5588457268119898e-05,0.8184236780844696,0.8562744722214618,0.8851714167699297,14.592627158189456,15.085088806278396
2026-01-16T00:38:11,1000,0.95,20,2,3,3,0,0,0.0016976666666666668,8.962886439832566e-06,0.0011076666666666667,5.437217425607822e-05,0.010608666666666667,5.1432804058628725e-05,0.00627,2.9461839725312378e-05,0.0007599999999999999,4.0706264874095225e-05,0.0004206666666666667,3.579571668975679e-05,1.5326512187782124,1.69197235513025,1.8066561014263072,13.958771929824563,14.904912836767037
2026-01-16T00:38:11,1000,0.95,20,4,3,3,0,0,0.0017416666666666668,9.609023536933118e-06,0.0007726666666666667,5.651843357112201e-05,0.011050333333333334,2.6727015047201925e-05,0.003302666666666667,1.474222959166414e-05,0.0007803333333333333,5.773502691896398e-07,0.0014093333333333334,0.00019429445008371522,2.2540983606557377,3.3458821154622527,0.553689687795648,14.161042289619822,2.3434247871333964
2026-01-16T00:38:11,1000,0.95,20,8,3,3,0,0,0.0016583333333333335,1.0785793124908994e-05,0.0011993333333333335,5.923118547972283e-05,0.010738666666666667,0.00029733538863265717,0.006102,0.0005021434058115273,0.0007643333333333333,1.9629909152447314e-05,0.0009739999999999999,0.00022162355470481924,1.3827126181211784,1.7598601551403912,0.7847364818617386,14.049716528565199,6.264887063655031
2026-01-16T00:38:11,1000,0.99,1,1,3,3,0,0,0.0011706666666666669,2.2744962812309288e-05,0.0011503333333333333,2.0404247923737126e-05,0.0005533333333333333,3.2145502536643204e-05,0.0006186666666666667,1.3613718571108093e-05,1.3666666666666667e-05,5.773502691896261e-07,1.7333333333333336e-05,5.773502691896261e-07,1.0176760359316142,0.8943965517241379,0.7884615384615384,40.48780487804878,35.692307692307686
2026-01-16T00:38:11,1000,0.99,1,2,3,3,0,0,0.0013296666666666667,5.773502691895772e-07,0.00067,5.196152422706633e-06,0.0006143333333333334,1.0214368964029733e-05,0.00035699999999999995,1.9999999999999944e-06,1.7666666666666668e-05,5.773502691896261e-07,1.3e-05,0.0,1.9845771144278608,1.720821661998133,1.3589743589743593,34.77358490566038,27.46153846153846
2026-01-16T00:38:12,1000,0.99,1,4,3,3,0,0,0.001338333333333333,1.724335620850339e-05,0.000381,3.999999999999989e-06,0.0006213333333333334,8.3864970836061e-06,0.00018166666666666667,5.773502691896242e-07,1.7666666666666668e-05,5.773502691896261e-07,9e-06,0.0,3.5126859142607167,3.4201834862385327,1.962962962962963,35.16981132075472,20.185185185185187
2026-01-16T00:38:12,1000,0.99,1,8,3,3,0,0,0.0013410000000000002,1.7320508075688568e-06,0.000684,0.00010223991392797632,0.0006383333333333333,4.509249752822896e-06,0.00043666666666666664,3.308070938376824e-05,2.3e-05,1.0000000000000006e-06,0.00017866666666666668,3.028751117760146e-05,1.960526315789474,1.4618320610687023,0.12873134328358207,27.753623188405797,2.444029850746268
2026-01-16T00:38:12,1000,0.99,5,1,3,3,0,0,0.0013303333333333333,1.25033328890074e-05,0.0012613333333333333,8.962886439832497e-06,0.0029683333333333332,2.203028218914451e-05,0.0034836666666666666,1.069267662156372e-05,6.433333333333333e-05,5.773502691896242e-07,8.266666666666667e-05,5.773502691896242e-07,1.0547040169133193,0.8520715720983638,0.7782258064516129,46.139896373057,42.141129032258064
2026-01-16T00:38:12,1000,0.99,5,2,3,3,0,0,0.0011896666666666668,3.7859388972001886e-06,0.0006129999999999999,2.9512709126747406e-05,0.002683666666666667,3.467467856135551e-05,0.0015536666666666667,3.7527767497325644e-05,6.1e-05,1.0000000000000006e-06,7.000000000000001e-05,1.6643316977093238e-05,1.9407286568787387,1.727311735679039,0.8714285714285713,43.99453551912569,22.195238095238093
2026-01-16T00:38:12,1000,0.99,5,4,3,3,0,0,0.001286,2.4331050121192845e-05,0.0003736666666666667,2.516611478423562e-06,0.002898666666666667,1.457166199626291e-05,0.0008543333333333334,1.5567059238447486e-05,6.8e-05,9.999999999999972e-07,6.266666666666667e-05,1.530795000427338e-05,3.44157002676182,3.3928989465470156,1.0851063829787233,42.62745098039216,13.632978723404255
2026-01-16T00:38:12,1000,0.99,5,8,3,3,0,0,0.0013490000000000002,2.443358344574119e-05,0.000683,8.281907992727282e-05,0.003041666666666667,7.615991946774456e-05,0.001373,9.208148565265442e-05,7.366666666666666e-05,1.1547005383792484e-06,0.00020399999999999997,7.861933604400382e-05,1.9751098096632504,2.2153435299830058,0.36111111111111116,41.289592760181,6.730392156862746
2026-01-16T00:38:12,1000,0.99,10,1,3,3,0,0,0.0019606666666666665,0.0013531756476279542,0.0016916666666666666,0.0010438569506083354,0.006609,0.002538395359277195,0.006775,0.0012255003059975138,0.00011366666666666666,1.4153915830374755e-05,0.00014533333333333333,1.7897858344878398e-05,1.159014778325123,0.9754981549815499,0.7821100917431192,58.14369501466276,46.616972477064216
2026-01-16T00:38:12,1000,0.99,10,2,3,3,0,0,0.0011843333333333332,5.507570547286085e-06,0.000595,2.6457513110645933e-06,0.005354333333333333,2.4131583730317765e-05,0.003131,5.208646657242157e-05,0.00011266666666666666,5.773502691896242e-07,8.766666666666667e-05,1.0692676621563628e-05,1.9904761904761903,1.7101032683913553,1.2851711026615968,47.523668639053255,35.71482889733841
2026-01-16T00:38:12,1000,0.99,10,4,3,3,0,0,0.0012586666666666666,4.932882862316279e-06,0.0003623333333333334,5.773502691896085e-07,0.005550333333333333,2.0033305601755686e-05,0.0016736666666666664,3.774034092762459e-05,0.00012299999999999998,1.7320508075688803e-06,0.00011233333333333333,4.1016256939576205e-05,3.473781048758049,3.3162716590320658,1.0949554896142433,45.124661246612476,14.899109792284865
2026-01-16T00:38:12,1000,0.99,10,8,3,3,0,0,0.0012533333333333335,7.094598884597536e-06,0.0007926666666666667,5.6871199506721614e-05,0.0054069999999999995,0.00015807276805319774,0.002708,0.0003622029817657497,0.00012966666666666668,1.1547005383792514e-05,0.0004923333333333333,0.00026274195198584734,1.581160639192599,1.9966765140324962,0.26337169939065674,41.69922879177377,5.5003385240352065
2026-01-16T00:38:12,1000,0.99,20,1,3,3,0,0,0.0011886666666666666,3.1005375877955956e-05,0.0011183333333333332,3.453018003621371e-05,0.010597666666666667,0.00021800305808252656,0.012457666666666667,0.0002545040929598845,0.00020366666666666667,5.773502691896242e-07,0.000258,1.9999999999999944e-06,1.0628912071535024,0.850694351537206,0.789405684754522,52.03436988543371,48.28552971576228
2026-01-16T00:38:12,1000,0.99,20,2,3,3,0,0,0.001225,3.5679125549822554e-05,0.0006176666666666666,2.0132891827388668e-05,0.010592333333333334,5.21568148311736e-05,0.006288333333333333,2.6274195198584618e-05,0.00021566666666666666,5.773502691896242e-07,0.00015066666666666668,2.309401076758512e-06,1.9832703723691312,1.6844420885237212,1.4314159292035395,49.11437403400309,41.73672566371681
2026-01-16T00:38:12,1000,0.99,20,4,3,3,0,0,0.0012573333333333332,4.72581562625254e-06,0.00036199999999999996,1.7320508075688568e-06,0.011082,1.8083141320024933e-05,0.0033306666666666662,4.041451884327255e-06,0.000231,0.0,0.0002196666666666667,8.137772012862817e-05,3.47329650092081,3.3272618094475583,1.0515933232169954,47.97402597402597,15.162367223065246
2026-01-16T00:38:12,1000,0.99,20,8,3,3,0,0,0.001262,2.475883680627986e-05,0.0007746666666666666,0.000120686922793372,0.010701999999999998,0.0003773367196550044,0.006216666666666666,0.0031566058248272515,0.000232,4.582575694955827e-06,0.001357333333333333,0.0010011864628196555,1.6290877796901897,1.7215013404825734,0.1709233791748527,46.12931034482758,4.5800589390962685
2026-01-16T00:38:22,10000,0.0,1,1,3,3,0,0,0.6671100000000001,0.003104572917488048,1.3584833333333333,0.016190754285496847,0.061483333333333334,0.0009806152830408696,0.067106,8.660831368870196e-05,0.08637833333333333,0.0012835175625340446,0.08657599999999999,0.0007396330171105114,0.49106969782478016,0.9162121618533862,0.9977168422349537,0.7117911513303876,0.7751108852337831
2026-01-16T00:38:28,10000,0.0,1,2,3,3,0,0,0.6684256666666667,0.0031861303070234662,0.7401616666666667,0.001192768767755642,0.06082766666666667,0.00022368355624259383,0.03447,5.812916651733484e-05,0.08601033333333334,0.0005206479936899168,0.050888333333333334,4.259499188089327e-05,0.9030806332850706,1.764655255777971,1.6901778403694365,0.7072134743499812,0.6773654734221989
2026-01-16T00:38:34,10000,0.0,1,4,3,3,0,0,0.6682926666666665,0.003615336406661642,0.421203,0.0015515292456154419,0.06082233333333333,0.00024896653054845276,0.018711333333333333,4.0808495847472795e-05,0.084907,0.003716425298590031,0.044356666666666676,0.00010152011294976731,1.5866284586450394,3.2505611572309117,1.9141880213421503,0.7163406236627526,0.42183813030735695
2026-01-16T00:38:39,10000,0.0,1,8,3,3,0,0,0.6649966666666667,0.0021045499122932026,0.4193563333333334,0.005449527533037462,0.060892999999999996,0.0002567820087155641,0.019037666666666665,0.00033280074118507177,0.080608,0.00020486092843683033,0.04580566666666667,0.0003077293182869206,1.585755630255574,3.1985537443314134,1.759782268569391,0.7554212981341802,0.41561815495899335
2026-01-16T00:38:52,10000,0.0,5,1,3,3,0,0,0.6668216666666668,0.0009431380245400497,1.3542336666666666,0.002074269590321736,0.29310733333333333,0.003353288883071856,0.3318873333333333,0.0012181733593102913,0.44470499999999996,0.0019217499837387666,0.43206833333333333,0.0009834024269511096,0.49239779151849977,0.8831531182268682,1.0292469169614373,0.6591050996353388,0.76813621302186
2026-01-16T00:39:01,10000,0.0,5,2,3,3,0,0,0.668504,0.0010966726950188868,0.7407750000000001,0.0005932292979952793,0.29539766666666667,0.0025761322429823643,0.17246799999999998,0.00011479111463873079,0.4446193333333334,0.0014268091439759406,0.256087,0.001403548004166585,0.9024386622118726,1.7127679724161393,1.736204232676135,0.6643833151654822,0.6734742489856962
2026-01-16T00:39:09,10000,0.0,5,4,3,3,0,0,0.6674966666666666,0.0022036747340143667,0.4205433333333333,0.0014086718330872355,0.29668200000000006,0.00040933726925358944,0.093044,8.839117603019342e-05,0.44104199999999993,0.010593709973375696,0.22179800000000002,0.0009163061715387486,1.5872244635907515,3.188620437642406,1.988485017899169,0.6726842341545706,0.41949882325359106
2026-01-16T00:39:17,10000,0.0,5,8,3,3,0,0,0.668352,0.0017428795139079265,0.41320266666666666,0.007753363936597667,0.29711933333333335,0.001799642834935122,0.09738000000000001,0.003492499964209015,0.44396166666666664,0.004982289266324598,0.22577566666666668,0.0017062697129508328,1.6174919813360351,3.051133018415828,1.9663840360712033,0.669245467889495,0.43131308806529195
2026-01-16T00:39:34,10000,0.0,10,1,3,3,0,0,0.6659653333333334,0.0006133142207167311,1.3485416666666667,0.002881272172727386,0.5894533333333333,0.0001584119103266422,0.6631563333333333,0.0005753097716303281,0.8885536666666667,0.005120414468901259,0.8618326666666666,0.0011040581204507555,0.4938411246717133,0.8888602938774114,1.031004858638452,0.6633851791356815,0.7694722641440838
2026-01-16T00:39:47,10000,0.0,10,2,3,3,0,0,0.6660503333333333,0.0009040112462427606,0.7370226666666667,0.0009007332198455692,0.5908416666666666,0.0006874186012418979,0.343693,0.00027193197678830605,0.8877486666666666,0.003945743191508174,0.5111629999999999,0.0017951821634586236,0.903704001866971,1.719097178780675,1.736723250052658,0.6655506100450352,0.6723745654517249
2026-01-16T00:39:58,10000,0.0,10,4,3,3,0,0,0.6646166666666667,0.0010811504674804744,0.4197836666666667,0.0006318048221827166,0.5911206666666667,0.0010604104551226062,0.185874,4.222558466143466e-05,0.8814783333333333,0.006709381963589017,0.44216666666666665,0.0003271579638849311,1.5832361271797935,3.1802224445950844,1.9935431586882773,0.6706014706355045,0.4203709008669431
2026-01-16T00:40:09,10000,0.0,10,8,3,3,0,0,0.665527,0.002202137824932854,0.41788866666666663,0.0035094396038873993,0.592193,0.00161254209247391,0.18816333333333332,0.0024240656619269416,0.889593,0.0073535975549386765,0.44729066666666667,0.0016624549116692915,1.5925940401989047,3.147228471717834,1.988847669524366,0.6656898154549328,0.42067350686205535
2026-01-16T00:40:36,10000,0.0,20,1,3,3,0,0,0.6685133333333333,0.003409883624602699,1.3593153333333332,0.0037530889055993276,1.1818223333333333,0.0020305581334533218,1.3295353333333335,0.003329700487030882,1.7964909999999998,0.007861635771262884,1.734958,0.008142994473779279,0.4918015098777669,0.888898778169616,1.0354665646084804,0.6578504057817899,0.7663213365011334
2026-01-16T00:40:56,10000,0.0,20,2,3,3,0,0,0.6684966666666666,0.0014580021719234138,0.7400416666666666,0.0016960584699040587,1.1808896666666666,0.0012941627924389246,0.687758,9.591141746427342e-05,1.7926103333333332,0.010387158530287934,1.0225396666666666,0.0007675391412385637,0.9033230110917179,1.7170133486875714,1.753096130908043,0.6587542449734847,0.672597868248958
2026-01-16T00:41:13,10000,0.0,20,4,3,3,0,0,0.6700933333333333,0.003046252998904276,0.4210586666666667,0.0003722167827131594,1.179377,0.0038462948404926704,0.3715376666666666,0.000210383776307342,1.792162,0.017165067899661837,0.8852113333333334,0.001579877315912,1.591448855899732,3.174313416405515,2.0245583540502947,0.65807499545242,0.4197163464543682
2026-01-16T00:41:30,10000,0.0,20,8,3,3,0,0,0.6673846666666666,0.002814833802080231,0.4216436666666667,0.010707578453288756,1.1953056666666668,0.00982844694411748,0.38150033333333333,0.0021548664305086995,1.7934263333333333,0.009602213512171665,0.891612,0.001152036457756417,1.5828167702428035,3.133170700593534,2.0114425706847077,0.6664927599479508,0.42787707358507215
2026-01-16T00:41:39,10000,0.25,1,1,3,3,0,0,0.629663,0.00076413349619031,1.1980606666666667,0.0029380848070355366,0.06081866666666667,0.00012208330489191685,0.067206,0.0001868395033176862,0.06504,3.89358446678658e-05,0.06520266666666667,0.00019356222083178088,0.5255685438300008,0.9049588826394469,0.9975052145106539,0.9350963509635096,1.0307247147355936
2026-01-16T00:41:45,10000,0.25,1,2,3,3,0,0,0.6312636666666667,0.0023114736280852354,0.6466366666666666,0.0011604405772521855,0.06111333333333333,0.0005853497529967286,0.034950666666666665,0.00014382744290758142,0.06454833333333333,0.0004428558832547324,0.038333,9.5063136914368e-05,0.9762262166801553,1.7485598748712472,1.6838842076887626,0.9467840636215755,0.9117644501256532
2026-01-16T00:41:50,10000,0.25,1,4,3,3,0,0,0.6311116666666666,0.0009157872751536664,0.3650353333333333,0.0005060892543152181,0.06188866666666667,0.0003464770314657706,0.018686333333333333,2.154839514519126e-05,0.06270099999999999,0.0023663340846127347,0.03323466666666667,3.523256069793047e-05,1.7289056949738197,3.3119748836047735,1.886614378560539,0.9870443320946504,0.5622542726470352
2026-01-16T00:41:55,10000,0.25,1,8,3,3,0,0,0.6282760000000001,0.003013822323893667,0.368767,0.0030787138548426275,0.061280333333333326,0.0010832254305237364,0.020101666666666667,0.0022278178411471016,0.06393433333333333,0.003298934727049528,0.034091,0.0007677623330171927,1.7037207776183878,3.0485200232153216,1.8754021100388174,0.9584886576330922,0.5896473164960448
2026-01-16T00:42:07,10000,0.25,5,1,3,3,0,0,0.6300466666666668,0.0007013817315366077,1.1965693333333334,0.005471563426785199,0.30131933333333333,0.0013875641726901467,0.3331216666666667,0.00033756826470110853,0.3365256666666667,0.0007906847243581715,0.32691466666666663,0.0006156430242708086,0.5265442203098414,0.904532378060068,1.0293991092476735,0.895382917796265,1.0189866060868078
2026-01-16T00:42:16,10000,0.25,5,2,3,3,0,0,0.6288483333333333,0.002574979676295211,0.6461566666666667,0.0027026729978547955,0.3012046666666666,0.0012798145699019594,0.17210233333333333,0.00022244624818894572,0.335501,0.00036137376772534257,0.19163699999999997,0.00030241197066255114,0.9732134105763823,1.7501486518679776,1.7507109796124967,0.8977757642053723,0.8980642221143795
2026-01-16T00:42:23,10000,0.25,5,4,3,3,0,0,0.6303296666666667,0.0013957615603438231,0.36458233333333334,0.0001824426850639119,0.2996373333333333,0.0011018912529525467,0.092981,4.687216658103417e-05,0.3364263333333333,0.0014688802991848142,0.1658913333333333,0.00023159519281137236,1.7289089707217482,3.222565183567969,2.0279922198065403,0.8906476801756501,0.5604934153682933
2026-01-16T00:42:30,10000,0.25,5,8,3,3,0,0,0.6257573333333334,0.0017394321870465134,0.3720646666666667,0.005196150241605139,0.301585,0.0003881391503056601,0.09739700000000001,0.002409437071184884,0.329999,0.008539246278214485,0.16842733333333335,0.0006295691648527022,1.6818510043952932,3.096450609361684,1.9592959970867752,0.9138967087779054,0.5782731227314648
2026-01-16T00:42:46,10000,0.25,10,1,3,3,0,0,0.6281523333333333,0.0022925885660827696,1.1934500000000001,0.002275010549426117,0.6020903333333334,0.0006402736394177992,0.6643693333333334,0.0019242207080616867,0.6740723333333333,0.0012178761568129122,0.6536773333333333,0.004333846367066244,0.5263331797170667,0.9062584666761662,1.0312004087643647,0.8932132407155119,1.0163566938224364
2026-01-16T00:42:58,10000,0.25,10,2,3,3,0,0,0.6304413333333333,0.0031226990462312567,0.6489026666666667,0.0008119780374697768,0.6021496666666667,0.0013925050568429657,0.3476726666666667,0.0024725627056423447,0.6747580000000001,0.003348104986406483,0.3851603333333333,0.0011359684561348066,0.9715499191455522,1.7319442233978704,1.751888607428422,0.8923935198495855,0.9026699703413558
2026-01-16T00:43:07,10000,0.25,10,4,3,3,0,0,0.6290783333333333,0.0016562398175787598,0.365196,0.0010838270157179327,0.6017066666666666,0.0020986482157172794,0.187833,0.003331651092176361,0.6698406666666666,0.004941116709139098,0.33174633333333337,8.669678963683744e-05,1.7225772827011612,3.2034129608038344,2.0191351022216772,0.898283273335649,0.5661946527417032
2026-01-16T00:43:17,10000,0.25,10,8,3,3,0,0,0.6279913333333333,0.0029840013963356744,0.36290133333333335,0.0018414834599673482,0.6020463333333333,0.0012652866605372076,0.18941299999999997,0.0024419338647883224,0.6634703333333333,0.005541686776905848,0.33649900000000005,0.001585909202949529,1.7304740315090235,3.1784847572940267,1.9716858990170347,0.9074201257931152,0.5628932032487465
2026-01-16T00:43:41,10000,0.25,20,1,3,3,0,0,0.626703,0.0023013402616736205,1.1912133333333335,0.0022831540318895577,1.2027706666666667,0.0011685586563512198,1.3268579999999999,0.0005776564723086273,1.3489393333333333,0.0014276923104553508,1.3028133333333332,0.0044221766510773005,0.526104755935125,0.9064803216822499,1.0354049185864438,0.891641778800035,1.0184559568523504
2026-01-16T00:43:58,10000,0.25,20,2,3,3,0,0,0.6282963333333333,0.0017151601480133792,0.6478433333333334,0.0011609221909039966,1.1989333333333334,0.006155399039325784,0.6865706666666668,0.0007652531171666872,1.3474386666666665,0.001643832209604506,0.766288,0.0010367468350566456,0.9698275817713129,1.7462635552931671,1.7583971909604046,0.8897869439202677,0.8959694875381929
2026-01-16T00:44:13,10000,0.25,20,4,3,3,0,0,0.6315526666666668,0.003099948440431475,0.3670693333333333,0.003177300164185525,1.2029243333333335,0.0026967807351234406,0.37174766666666664,0.0003546072945292238,1.3453166666666665,0.005384566958756684,0.663224,7.799999999996698e-05,1.7205269122636235,3.235862498128211,2.0284499153629336,0.8941570138381301,0.5605160046480022
2026-01-16T00:44:28,10000,0.25,20,8,3,3,0,0,0.6280003333333334,0.002095477113531251,0.364487,0.004479648758552394,1.203726,0.0020797814789059233,0.3806176666666667,0.0032843228119862557,1.346251333333333,0.0007602870072106636,0.6708506666666666,0.0006682876127337385,1.7229704580227372,3.162559453800095,2.006782433447682,0.894131704976337,0.5673657127865517
2026-01-16T00:44:37,10000,0.5,1,1,3,3,0,0,0.6397556666666667,0.001862004385959758,1.0588576666666667,0.0037190281436596797,0.06075933333333333,9.009069504301373e-05,0.06742799999999999,0.0004714901907781344,0.04328333333333334,0.00027623239008728437,0.043860333333333335,0.0003190381377411383,0.6041942055164481,0.9010994443455737,0.9868446052241586,1.40375818251829,1.5373344175830854
2026-01-16T00:44:43,10000,0.5,1,2,3,3,0,0,0.6389336666666666,0.0015303791469219092,0.5669833333333333,0.0009701156288470248,0.06121766666666667,0.00021383716546319697,0.034928999999999995,0.00012520383380711504,0.04291266666666666,4.7056703383611526e-05,0.025408,6.750555532695067e-05,1.1269002616185073,1.7526315287201661,1.6889431150293868,1.4265640292687476,1.3747244962216623
2026-01-16T00:44:48,10000,0.5,1,4,3,3,0,0,0.6401643333333333,0.0017277703358182042,0.314081,0.00020251172805544837,0.058626000000000004,0.0017151789994050213,0.018684999999999997,2.163330765278392e-05,0.041931666666666666,0.00012260641636282102,0.022243000000000002,4.7507894080877724e-05,2.0382141337213437,3.1375970029435383,1.8851623731810754,1.3981318812353434,0.8400395630085867
2026-01-16T00:44:52,10000,0.5,1,8,3,3,0,0,0.639287,0.0013520528835811296,0.31550300000000003,0.006142597089179799,0.06189600000000001,0.0003905534534477942,0.019410666666666663,0.0011228612262133425,0.042159,0.0020572046568098205,0.022799,0.00037550898790841283,2.0262469770493468,3.1887621926088756,1.8491600508794246,1.4681562655660714,0.8513823705718085
2026-01-16T00:45:03,10000,0.5,5,1,3,3,0,0,0.638709,0.0011690354998887124,1.0582150000000001,0.0019281836012164505,0.30132133333333333,0.00027125142088720196,0.3316346666666667,0.0002150449565401139,0.22655999999999998,0.0004836455313553523,0.21911066666666668,0.00035351001871704893,0.6035720529382025,0.9085941960229328,1.0339980405639766,1.3299846986817327,1.5135487090237505
2026-01-16T00:45:11,10000,0.5,5,2,3,3,0,0,0.6399226666666666,0.002117355504711771,0.5677713333333334,0.0022621990039192663,0.3000833333333333,0.0019692580667178385,0.17207366666666668,0.00025361650840063417,0.223496,0.0024652158120537847,0.12793766666666664,8.961212715548863e-05,1.1270781547031257,1.743923629608249,1.7469132103394105,1.3426787653172017,1.3449804983155864
2026-01-16T00:45:18,10000,0.5,5,4,3,3,0,0,0.6393843333333333,0.0009833993763132777,0.315416,0.00040410023509027717,0.297868,0.002462431318839184,0.09297,5.302829433424896e-05,0.22157633333333335,0.00813254734590173,0.11110300000000001,0.0001438853710423718,2.027114456252484,3.203915241475745,1.9943325862787984,1.3443132464508092,0.8367910857492596
2026-01-16T00:45:24,10000,0.5,5,8,3,3,0,0,0.6403656666666667,0.0022716857910665,0.326417,0.01077056043110107,0.30225966666666665,0.0005933837993519241,0.09878633333333332,0.0031772921384936176,0.21627366666666667,0.007261619676995853,0.11163433333333334,0.0005305226982263147,1.9618024388027178,3.0597316092981823,1.9373400656309439,1.3975796097845168,0.8849099590030545
2026-01-16T00:45:39,10000,0.5,10,1,3,3,0,0,0.6397803333333333,0.0014190117453119742,1.0600509999999999,0.00232277506444339,0.6020746666666666,0.00039796021576700316,0.6654403333333333,0.0017701825706218483,0.4559066666666667,0.0005884252997053411,0.438664,0.00022881433521525487,0.6035373140852028,0.9047763360702011,1.0393072298311845,1.320609481472816,1.51697046790558
2026-01-16T00:45:49,10000,0.5,10,2,3,3,0,0,0.6410459999999999,0.003053265792557244,0.5658656666666667,0.0004171023055958024,0.602398,0.0004470111855423759,0.3440826666666667,0.0006674686010092962,0.457298,0.002624660549480622,0.25627066666666665,0.0003262672728505462,1.1328589765415464,1.7507362571785072,1.7844336456767065,1.3172985667988926,1.3426533404785568
2026-01-16T00:45:57,10000,0.5,10,4,3,3,0,0,0.6426036666666667,0.002589944079190403,0.31428000000000006,0.0002960050675241962,0.6015113333333333,0.0015938658454629773,0.186082,0.0002538523192724582,0.438629,0.0033503434152337298,0.22252899999999998,0.002086830371640205,2.0446852063976917,3.232506815991516,1.9711093834960838,1.3713441959681947,0.8362146057367804
2026-01-16T00:46:06,10000,0.5,10,8,3,3,0,0,0.6418243333333332,0.000618959072421841,0.3144966666666667,0.005711744421219608,0.6022783333333334,0.0003354777687616813,0.18697066666666665,0.00023156928408865187,0.448955,0.007675456729081348,0.22633933333333334,0.0043960629355519155,2.0407985246266516,3.221245043785835,1.983548300634151,1.3415115843087466,0.8260635211437692
2026-01-16T00:46:27,10000,0.5,20,1,3,3,0,0,0.6384973333333334,0.0009057628460768767,1.0573283333333332,0.0019694786958313047,1.2015399999999998,0.001036016891754155,1.3249223333333333,0.0008407022857904853,0.9168993333333333,0.00044537212904863867,0.8786893333333333,0.0007458587891372749,0.6038780132945144,0.9068757992606861,1.0434852211703187,1.310438296025227,1.5078393273618131
2026-01-16T00:46:43,10000,0.5,20,2,3,3,0,0,0.6391536666666667,0.0017893619905802426,0.56732,0.001828586339224966,1.2015079999999998,0.0023332653085321882,0.6900006666666666,0.005484694187767774,0.9061176666666667,0.009008559115271068,0.513721,0.001687613996149613,1.126619309501986,1.741314259599749,1.763832248762785,1.3259955568684418,1.3431428083856152
2026-01-16T00:46:55,10000,0.5,20,4,3,3,0,0,0.643081,0.0025530460238703365,0.31496366666666664,0.0011742198828725882,1.197574,0.003908829364400594,0.3743086666666667,0.0038565053265013595,0.910932,0.0026550962317777103,0.443695,0.0033318757479834024,2.041762489006669,3.1994289917590293,2.053058970689325,1.3146689324779457,0.8436170492492966
2026-01-16T00:47:08,10000,0.5,20,8,3,3,0,0,0.6396609999999999,0.001861277249632655,0.32632700000000003,0.007172116214897795,1.2039866666666665,0.0012224198678576555,0.38041300000000006,0.0004939149724395896,0.9074800000000001,0.0066262810836848806,0.4485456666666667,0.0005454624948915797,1.9601841098039692,3.164946168155837,2.0231607781296144,1.3267363100747855,0.8481031660098527
2026-01-16T00:47:14,10000,0.75,1,1,3,3,0,0,0.39880133333333334,0.001219160503515961,0.5981083333333332,0.000518941550979794,0.06026566666666666,3.842308333975187e-05,0.06750133333333334,0.0009355620414132509,0.022376333333333335,3.0237945256470372e-05,0.022241333333333335,0.00015227059247712121,0.6667710699009378,0.8928070556630978,1.0060697799892093,2.693277123150948,3.034949943048978
2026-01-16T00:47:18,10000,0.75,1,2,3,3,0,0,0.3978463333333333,0.0010340064474331498,0.31693433333333326,0.00033527501149554844,0.060001,6.345864795281943e-05,0.03491566666666667,0.00016020715755962072,0.021961333333333333,9.575663597544259e-05,0.012739,2.0074859899885107e-05,1.2552957868244001,1.7184549438170065,1.7239448413009917,2.7321200898548965,2.7408483135777275
2026-01-16T00:47:21,10000,0.75,1,4,3,3,0,0,0.39797866666666665,0.0007003808487768225,0.1751663333333333,6.733745861950699e-05,0.057576333333333334,0.000159631868163388,0.01867466666666667,1.3503086067019025e-05,0.022364,8.20182906430028e-05,0.011173666666666667,1.242309676905603e-05,2.272004323509655,3.083125089247465,2.001491602279168,2.5745096285697255,1.6713105217624775
2026-01-16T00:47:23,10000,0.75,1,8,3,3,0,0,0.39751766666666666,0.0018557290570914093,0.18348033333333333,0.0017223258499289035,0.061352666666666666,0.0002540656083245713,0.020478,0.0015059352575725173,0.022119,0.0005562697187516152,0.011493999999999999,0.00023208403650402175,2.1665410098448334,2.9960282579679007,1.9243953366974076,2.773754087737541,1.7816251957543068
2026-01-16T00:47:31,10000,0.75,5,1,3,3,0,0,0.3979243333333333,0.001317903764822501,0.5958363333333333,0.00011967595135758129,0.2995113333333333,0.0021466053045060035,0.33244133333333337,0.0011178802857790032,0.115705,0.0009328863810775677,0.114604,0.0019102489366572071,0.6678416724055656,0.900944928629011,1.009606994520261,2.5885772726617975,2.9007829860505163
2026-01-16T00:47:37,10000,0.75,5,2,3,3,0,0,0.399156,0.002086729738130939,0.31604533333333334,0.0004761893880940047,0.30041999999999996,0.0007169999999999954,0.172238,0.0003721975282024272,0.11595,0.0008122653507321344,0.06436066666666666,0.0003337998402236522,1.2629707130622612,1.7442144010032627,1.8015661739571789,2.5909443725743855,2.676137599569095
2026-01-16T00:47:41,10000,0.75,5,4,3,3,0,0,0.3984536666666667,0.0008111389112435328,0.1752296666666667,0.00021800305808252762,0.29992966666666665,0.001348695789766305,0.09309699999999999,0.00024122188955399596,0.11118533333333334,0.001522157788579535,0.05523666666666666,2.8307831660747686e-05,2.273893880221956,3.2216899219810164,2.0128899885341864,2.697565026562256,1.685420312594291
2026-01-16T00:47:45,10000,0.75,5,8,3,3,0,0,0.3975600000000001,0.0012414398898053822,0.182273,0.011071474743682525,0.2995676666666667,0.002014829355884338,0.10024033333333333,0.0060983978497088365,0.11611933333333334,0.004775452474199002,0.05669066666666667,0.0008190264545991985,2.1811239185178284,2.9884943186541677,2.0482971917776003,2.579825926202355,1.7681981748906346
2026-01-16T00:47:55,10000,0.75,10,1,3,3,0,0,0.398117,0.00040788723931990803,0.5958493333333333,0.0008899440057292151,0.6005436666666667,0.00037843141166308,0.6646433333333333,0.0014636739163260948,0.23480366666666666,0.0017491433141207456,0.23085533333333333,0.0008189043493188581,0.6681504496662467,0.9035577979166772,1.0171030631015672,2.557641774475413,2.879046906720803
2026-01-16T00:48:03,10000,0.75,10,2,3,3,0,0,0.39744666666666667,0.0005783565797441425,0.31700333333333336,0.0007196918321985614,0.600628,0.0004994837334688646,0.34509266666666666,0.0024577429347540183,0.23525033333333334,0.0015081804710754424,0.13026066666666666,0.002164057377551097,1.2537617900968443,1.740483232523052,1.8059966938088245,2.553144097564155,2.649246894688087
2026-01-16T00:48:09,10000,0.75,10,4,3,3,0,0,0.40058,0.0009838053669298363,0.17530933333333332,0.0006151490334328325,0.5926256666666667,0.007375737545041421,0.188088,0.003746708288618162,0.23359733333333335,0.004450183966234805,0.111216,0.0018899383587831632,2.284989580322782,3.1507893468305617,2.1003932287920204,2.5369539035833744,1.6911955114372035
2026-01-16T00:48:15,10000,0.75,10,8,3,3,0,0,0.39954799999999996,0.0007729896506422199,0.17862933333333333,0.0022774249347307447,0.6019343333333333,0.000626167176825259,0.1946536666666667,0.006956345113156281,0.23317866666666665,0.002551683039355254,0.11232466666666667,0.0006399072849509828,2.236743498641507,3.0923349333260264,2.0759346418418034,2.5814296905377283,1.7329556583000472
2026-01-16T00:48:30,10000,0.75,20,1,3,3,0,0,0.39870866666666666,0.0021219567227757827,0.595659,0.001626487319348079,1.2004683333333335,0.003048225932133878,1.3257736666666669,0.0017364073062888336,0.4756643333333333,0.001222967838225256,0.46277000000000007,0.0008979014422530131,0.669357244105548,0.9054851242834058,1.0278633734540554,2.5237720157001475,2.864865195813615
2026-01-16T00:48:41,10000,0.75,20,2,3,3,0,0,0.3977543333333333,0.0011775913269608254,0.31625233333333336,0.0007045568347077009,1.2013513333333332,0.0010213982246574148,0.687497,0.0012861722279694766,0.47248399999999996,0.004891158451737182,0.25847766666666666,0.0013820876720864426,1.2577119325601813,1.7474277463513779,1.8279490297678844,2.5426286040021107,2.659792657779589
2026-01-16T00:48:51,10000,0.75,20,4,3,3,0,0,0.398897,0.001214171734146354,0.17521733333333334,9.555277773740013e-05,1.1966476666666666,0.0032394997041724537,0.371666,0.00019652735178597697,0.4546273333333333,0.0049954537665094206,0.22039166666666665,0.0002892997292313561,2.27658412790211,3.219685595848602,2.062815442205165,2.6321507285820913,1.6863886263092223
2026-01-16T00:49:00,10000,0.75,20,8,3,3,0,0,0.3979803333333333,0.000422332017887978,0.17883633333333335,0.00426650118168663,1.2013486666666666,0.0005714038268451585,0.37873133333333336,0.0017691835216656895,0.46560399999999996,0.009242283970967335,0.22741999999999998,0.0008187862969053645,2.2253885768924655,3.172034001235704,2.0473309295576465,2.580194041861038,1.66533872717146
2026-01-16T00:49:04,10000,0.9,1,1,3,3,0,0,0.214211,0.0003635340424224334,0.29030466666666666,9.79047155827081e-05,0.05857066666666667,0.0003475634234687728,0.06689266666666667,0.00013509379457744708,0.009217666666666666,3.707200201409829e-05,0.009133,2.7838821814149752e-05,0.7378834190287445,0.8755917439878811,1.0092704113288804,6.354174953892888,7.324281908098835
2026-01-16T00:49:06,10000,0.9,1,2,3,3,0,0,0.21500633333333333,0.0004112351314434789,0.15325233333333335,0.00047739745844875363,0.05859233333333334,0.00036190099935387744,0.034886,0.0002848280182847193,0.009337333333333335,4.476978147515756e-05,0.005123,4.6701177715342576e-05,1.4029563443297217,1.6795371591278259,1.8226299694189605,6.275060688276453,6.809681827054461
2026-01-16T00:49:08,10000,0.9,1,4,3,3,0,0,0.21558966666666668,0.000743436166280147,0.08450933333333333,0.0004619678921021855,0.05837033333333334,0.0010556236703169058,0.018691,3.843175770115166e-05,0.009727666666666666,3.003886371574834e-05,0.004459,8.71779788708121e-06,2.5510752264049734,3.122911205036292,2.181580324437467,6.000445464825413,4.191747028481722
2026-01-16T00:49:09,10000,0.9,1,8,3,3,0,0,0.21447933333333333,0.0007738283616754605,0.09253966666666667,0.007201871307745885,0.05983233333333333,0.0004560486085203344,0.019064666666666664,0.00038401215258547966,0.009458000000000001,0.00036622534046676787,0.0046106666666666666,4.389001405027502e-05,2.3177015982335503,3.1383886421652623,2.05133024869867,6.3261084091069275,4.134904569115095
2026-01-16T00:49:15,10000,0.9,5,1,3,3,0,0,0.21489899999999998,0.000223255459059786,0.290099,0.0007060339935158775,0.299108,0.0009453110599162601,0.3322016666666667,0.0007470651466460587,0.047449,0.00020488777415941578,0.04825666666666667,0.0001911552597584858,0.7407781481494248,0.9003807927915272,0.983263106997306,6.3037787940736365,6.884057470470401
2026-01-16T00:49:18,10000,0.9,5,2,3,3,0,0,0.215272,0.0010615465133473924,0.15275366666666668,0.00018017861508329083,0.29868466666666665,0.0013220141199447714,0.172382,0.00044713868094808847,0.047358333333333336,0.0002453616378599837,0.025839333333333336,6.304231383232539e-05,1.4092755002062143,1.7326905748086612,1.8328001238422043,6.306908323068801,6.671302149178255
2026-01-16T00:49:21,10000,0.9,5,4,3,3,0,0,0.2159243333333333,0.000309142901153068,0.08435333333333334,0.00012786842195528376,0.298751,0.0027710541315535734,0.092957,5.188448708429326e-05,0.04634066666666667,0.0006571585298338097,0.022057999999999998,5.002999100539738e-05,2.5597605310993434,3.21386232343987,2.1008553208208665,6.446842945720821,4.214207997098558
2026-01-16T00:49:24,10000,0.9,5,8,3,3,0,0,0.214526,0.00010352294431671298,0.09127566666666669,0.0011527225743141049,0.301043,0.0008781708262063725,0.09483733333333333,0.0012054734892702288,0.04749866666666667,0.0026284528402338377,0.022648,0.0002768916755700679,2.3503087715966644,3.1743089922393435,2.0972565642293652,6.337925275095441,4.187448486989285
2026-01-16T00:49:31,10000,0.9,10,1,3,3,0,0,0.21505133333333334,0.0003154145420447976,0.290129,0.0002659154000805601,0.5989273333333333,0.00027270191296238075,0.6644413333333333,0.002250596883791826,0.09716666666666667,0.0004864713078212673,0.097091,0.00011059385154700106,0.7412266037980806,0.901399872775324,1.0007793375973744,6.1639176672384215,6.84349047113876
2026-01-16T00:49:37,10000,0.9,10,2,3,3,0,0,0.214832,0.000973283617451775,0.15306299999999998,0.00015842663917408812,0.598212,0.0011483853882734512,0.34454133333333337,0.0005151566104917439,0.09680166666666666,0.0004801815628835958,0.05209966666666666,5.35288084430567e-05,1.4035527854543555,1.736256124083806,1.858009328274653,6.179769632065564,6.613119725654036
2026-01-16T00:49:41,10000,0.9,10,4,3,3,0,0,0.21527666666666667,0.00034462491687823916,0.08437800000000001,0.00011873078791956435,0.5970013333333334,0.006059078587816255,0.18592699999999998,0.00018461581730718518,0.09841433333333334,0.0008038783075399717,0.043709,5.050742519669601e-05,2.5513364463090693,3.2109447973308525,2.2515805288003237,6.066203093722798,4.253746368024892
2026-01-16T00:49:45,10000,0.9,10,8,3,3,0,0,0.214782,0.0004354687129978344,0.09083733333333333,0.004991798506884396,0.6009856666666666,0.001626095118169109,0.18970166666666666,0.0024154101791069127,0.092849,0.004413076931121866,0.045391999999999995,0.00035094016584027364,2.3644683536871773,3.168056861211903,2.0454925978145932,6.472720941169713,4.179187228292798
2026-01-16T00:49:57,10000,0.9,20,1,3,3,0,0,0.21419666666666667,0.0003142647503830627,0.290102,0.0004782562074871639,1.2000013333333335,0.0010558268481778953,1.3269303333333333,0.0016676463454021971,0.19763766666666668,0.0019487853481934137,0.19302866666666665,0.0019229938464106805,0.7383495000608981,0.9043438854237764,1.0238772824761782,6.071723844813658,6.874265653115427
2026-01-16T00:50:05,10000,0.9,20,2,3,3,0,0,0.2155193333333333,0.0012020167774758057,0.15354133333333334,0.0005086809740233483,1.197216,0.005934762927025804,0.7062309999999999,0.025416118881528692,0.19702299999999998,0.0013070550868268676,0.105083,0.00022684135425446697,1.4036567786307268,1.6952187032288304,1.8749274383106687,6.076529136192223,6.7206969728690655
2026-01-16T00:50:12,10000,0.9,20,4,3,3,0,0,0.21551033333333333,0.0004774320195937146,0.084513,0.0005481997811017434,1.1991023333333333,0.0013083005516063783,0.37200000000000005,0.0003370474744008547,0.1947243333333333,0.00798811031053862,0.08722600000000001,0.0001571718804366744,2.5500258342897935,3.2233933691756267,2.2324115898164916,6.157948073601485,4.264783436131428
2026-01-16T00:50:20,10000,0.9,20,8,3,3,0,0,0.21855433333333332,0.006869947040067583,0.092866,0.0058047442665461095,1.2019986666666667,0.0022393048772629096,0.3858606666666667,0.006042470548818041,0.19512866666666664,0.008913447219417042,0.09003266666666666,0.0010704860266875671,2.3534375695446483,3.115110635790812,2.167309643166554,6.160031158927614,4.285785159460641
2026-01-16T00:50:22,10000,0.95,1,1,3,3,0,0,0.1607576666666667,0.0003178275213592094,0.19052900000000003,0.0003859287499008048,0.05792433333333333,0.00028035215949468286,0.06673866666666667,0.00044235091650559087,0.004579000000000001,0.00017059015211904794,0.004314333333333333,1.803699901129179e-05,0.8437438220253435,0.867927638150797,1.0613459012593682,12.649996360195091,15.469056632928996
2026-01-16T00:50:24,10000,0.95,1,2,3,3,0,0,0.16130766666666665,0.00039407148251722893,0.100226,0.0006074561712584697,0.05817166666666667,0.0001791126275094363,0.03455466666666667,4.772141378179593e-05,0.004500666666666667,4.932882862316404e-06,0.0025129999999999996,1.8520259177452204e-05,1.6094393337723412,1.6834677419354838,1.790953707388248,12.925122204117908,13.750364769863381
2026-01-16T00:50:26,10000,0.95,1,4,3,3,0,0,0.1622603333333333,0.0002408865569792819,0.06398333333333334,0.015579052132056475,0.05826566666666667,0.00042859576915006155,0.018674333333333334,2.0256686138983253e-05,0.004757666666666667,8.504900548115644e-06,0.0022400000000000002,6.000000000000146e-06,2.535978119301901,3.1200935330132267,2.1239583333333334,12.246689553702796,8.336755952380951
2026-01-16T00:50:27,10000,0.95,1,8,3,3,0,0,0.160721,0.00028494385411867,0.06693433333333333,0.012743139029820449,0.059373,0.0005875516998528702,0.020052666666666667,0.0021680519673968456,0.004732666666666666,5.0520622851795196e-05,0.002533333333333333,0.00015182336227779092,2.4011742852447426,2.9608530868712393,1.868157894736842,12.545358501197354,7.915526315789474
2026-01-16T00:50:31,10000,0.95,5,1,3,3,0,0,0.16137233333333334,0.0007146721859239624,0.19088766666666668,0.0004433444860752573,0.29813,7.999999999999674e-05,0.33214366666666667,0.00015435133084405934,0.022754666666666663,6.367364708679242e-05,0.02244466666666667,3.370954365359127e-05,0.845378521049902,0.8975935112416213,1.0138117444381736,13.101927809680069,14.798333679864555
2026-01-16T00:50:35,10000,0.95,5,2,3,3,0,0,0.16113933333333333,8.334466589609896e-05,0.10062533333333334,0.0006379610750926201,0.2989946666666667,0.00021343929660054203,0.17377733333333334,0.0007845969241166728,0.022664,8.98387444257775e-05,0.012658333333333334,3.9551653989856506e-05,1.6013793743126314,1.7205619451712153,1.7904410796576695,13.192493234498176,13.728294930875576
2026-01-16T00:50:37,10000,0.95,5,4,3,3,0,0,0.16189733333333334,0.00031187550935162764,0.055143,0.00020236353426444958,0.30057533333333336,0.0002038438945206111,0.09296466666666665,4.66082968293579e-05,0.023012666666666667,0.0002589562382591578,0.010941999999999999,3.9661064030103375e-05,2.935954397354757,3.233221223834146,2.1031499421190523,13.061299574147572,8.496131115579114
2026-01-16T00:50:39,10000,0.95,5,8,3,3,0,0,0.160944,0.0003634597639354286,0.060262666666666666,0.004034771038526636,0.30070900000000006,0.000399433348632803,0.09995066666666667,0.005372038843245027,0.022656333333333334,0.00034954446545945004,0.011387000000000001,0.0002143338517360243,2.670708232847313,3.008574229953444,1.9896665788472232,13.272624284600335,8.777611896607242
2026-01-16T00:50:46,10000,0.95,10,1,3,3,0,0,0.16165366666666667,0.000534393425608254,0.19197633333333333,0.0007742256346397482,0.6005623333333333,0.0026398341488307864,0.6659830000000001,0.0005732181085765018,0.04621033333333333,0.00022913824066124903,0.045964,0.00042968476817313296,0.8420499749101018,0.9017682633540695,1.0053592666724684,12.996277888783894,14.48923070228875
2026-01-16T00:50:50,10000,0.95,10,2,3,3,0,0,0.16138633333333333,0.0003332421541962202,0.10007966666666666,9.867792728535387e-05,0.5993636666666667,0.0009215760051853125,0.3454756666666667,0.002258003616767097,0.04610466666666666,0.0002054515352420921,0.02542533333333333,0.0001474324704172503,1.6125786456789424,1.7348940156904444,1.813335780586292,13.000065069334994,13.587852011117523
2026-01-16T00:50:54,10000,0.95,10,4,3,3,0,0,0.16191933333333333,0.00015444848116227618,0.05492033333333333,9.274337352788826e-05,0.596602,0.00042843786013843757,0.185994,0.00019501794789197687,0.04518033333333334,0.0012193565242919451,0.02156266666666667,4.052571200279348e-05,2.948258386389983,3.2076411067023667,2.095303611179817,13.204904788956844,8.62574202325006
2026-01-16T00:50:58,10000,0.95,10,8,3,3,0,0,0.16090366666666667,0.0002690470838595647,0.06190766666666667,0.003095395989745632,0.6006006666666667,0.0008736431384343232,0.190962,0.0035769370975738545,0.04550333333333334,0.002355309392273833,0.022432999999999998,0.0002616734606336679,2.599091119570543,3.1451318412389204,2.028410526159379,13.199047688814005,8.51254847768912
2026-01-16T00:51:08,10000,0.95,20,1,3,3,0,0,0.16079966666666665,0.0004272895193347638,0.19096000000000002,0.000591771070600789,1.1984516666666665,0.000937004446805587,1.3282903333333334,0.003993527555098804,0.09427800000000001,0.001064700427350339,0.09360133333333333,0.0005843991216055458,0.8420594190755479,0.9022512899413806,1.0072292417486932,12.711891073916144,14.19093388983063
2026-01-16T00:51:16,10000,0.95,20,2,3,3,0,0,0.16229633333333335,0.0017172391602025953,0.10007433333333333,9.667126425848063e-05,1.2008043333333334,0.0012372167689346921,0.691302,0.0043049168400795205,0.09413500000000001,0.00020294826927076462,0.050932333333333336,9.664539995951053e-05,1.6217578266821664,1.7370184569599587,1.8482365491469075,12.75619411837609,13.572949730688428
2026-01-16T00:51:22,10000,0.95,20,4,3,3,0,0,0.16202766666666668,0.00018812318659147532,0.054919666666666665,7.093894088110876e-05,1.1998316666666666,0.001664709384046697,0.37163366666666664,0.00017708849012099777,0.08861466666666667,0.0011095973744261187,0.04258633333333333,0.00012839911733860865,2.950266753257789,3.2285332957814195,2.08082405153453,13.539876769834938,8.72659460390266
2026-01-16T00:51:29,10000,0.95,20,8,3,3,0,0,0.16090933333333335,0.00011292622960735702,0.064678,0.004015273465157758,1.2010423333333333,0.0006821483220922932,0.3873053333333334,0.008588335830260344,0.088624,0.002331555489367559,0.044787,0.0008397755652553843,2.487852644381913,3.101021932738683,1.9787884877308146,13.552111542396341,8.647717715706195
2026-01-16T00:51:31,10000,0.99,1,1,3,3,0,0,0.117174,0.0001113148687283072,0.10979733333333334,0.000414924491122579,0.05826933333333334,0.0004806478267227833,0.066999,0.0008897184948060861,0.0009476666666666666,9.451631252505222e-06,0.0008796666666666666,2.0816659994661226e-06,1.0671843882061494,0.869704522953079,1.077302008336491,61.48716144917341,76.16407730200834
2026-01-16T00:51:32,10000,0.99,1,2,3,3,0,0,0.11765333333333333,0.000326451119362962,0.05728066666666667,0.0002947971053679681,0.058535000000000004,0.00026986848648925034,0.03467166666666666,6.583565396753713e-05,0.0009466666666666667,2.8867513459481365e-06,0.000514,7.211102550927928e-06,2.0539798186706393,1.688266115464116,1.8417639429312582,61.83274647887324,67.45460440985732
2026-01-16T00:51:33,10000,0.99,1,4,3,3,0,0,0.11823566666666667,0.00037604432362865444,0.031172999999999996,5.2306787322489055e-05,0.058675333333333336,0.0005902798771204523,0.01870833333333333,6.646302230062496e-05,0.0010046666666666665,2.8867513459481365e-06,0.00046300000000000003,1.4177446878757821e-05,3.792887006918381,3.136320712694878,2.1699064074874004,58.402786994027885,40.406767458603305
2026-01-16T00:51:34,10000,0.99,1,8,3,3,0,0,0.11704433333333335,7.288575535270118e-05,0.03490966666666667,0.0023313070010904506,0.059646333333333336,0.0003647688765963089,0.023146,0.004115988459653404,0.0009736666666666666,1.150362261782494e-05,0.0007286666666666666,2.236813209307681e-05,3.3527771677376847,2.576960741956854,1.3362305580969809,61.25950017117426,31.76486733760293
2026-01-16T00:51:38,10000,0.99,5,1,3,3,0,0,0.117377,0.0003993081516823764,0.10984466666666666,0.0005230701036508689,0.2986816666666667,0.0003895861051594926,0.3328686666666667,0.0007915411128509622,0.0045320000000000004,7.631513611335533e-05,0.0043426666666666666,4.6971622638922545e-05,1.0685725903852106,0.8972958303875602,1.0435984034387475,65.90504560164754,76.65075222597483
2026-01-16T00:51:41,10000,0.99,5,2,3,3,0,0,0.11754966666666666,0.00041893714723491407,0.05720666666666666,2.768272626265953e-05,0.29873266666666665,0.00012262272763779373,0.17180933333333334,0.00013682592346968666,0.004552666666666667,3.153305144341921e-05,0.0024226666666666667,2.458319208998979e-05,2.0548246125160237,1.7387452757708155,1.879196477710512,65.61707424220236,70.91744634012107
2026-01-16T00:51:43,10000,0.99,5,4,3,3,0,0,0.118512,0.0003953795644693861,0.031200666666666665,0.00012124493116552653,0.29887633333333335,0.0021635587196407063,0.09297899999999999,7.35323058253937e-05,0.004769333333333333,1.4742229591664139e-05,0.0019946666666666667,1.289702808143531e-05,3.7983803764876822,3.2144498578532077,2.3910427807486627,62.66627061783618,46.613803475935825
2026-01-16T00:51:45,10000,0.99,5,8,3,3,0,0,0.11747433333333333,0.0007463741242388646,0.03640766666666667,0.004257020710935446,0.3009996666666667,0.0008498972486914671,0.09784766666666667,0.001773788130903271,0.004644333333333333,0.00013628768591965052,0.0022626666666666667,0.00014558273707185662,3.226637246733746,3.076206893027598,2.0525928108426634,64.81009115050601,43.24440188568061
2026-01-16T00:51:51,10000,0.99,10,1,3,3,0,0,0.117174,0.00041014509627691157,0.109781,0.0002496157046341433,0.5985893333333333,0.001152041810583897,0.6639336666666668,0.0009730674865256583,0.008799666666666666,5.342596122984936e-05,0.008754666666666668,5.7761001838033914e-05,1.0673431650285568,0.9015800273220064,1.0051401157477915,68.02409182165992,75.83768656716418
2026-01-16T00:51:55,10000,0.99,10,2,3,3,0,0,0.11736733333333334,0.0002985872290191445,0.057275,0.00021922819161777392,0.5992426666666667,0.001003476124944354,0.34400499999999995,0.0003384331544042522,0.009070666666666666,6.528654787422355e-05,0.004693333333333333,3.0501366089625264e-05,2.049189582423978,1.7419591769499478,1.9326704545454545,66.06379538438925,73.29651988636363
2026-01-16T00:51:58,10000,0.99,10,4,3,3,0,0,0.11831399999999999,0.00022550166296504554,0.031185666666666667,9.680048209246185e-05,0.5960426666666666,0.005401691432628605,0.18581633333333333,4.064890322424538e-05,0.009358333333333331,0.00013496789741761973,0.0035139999999999998,0.00029650632370996734,3.793858289598854,3.2076979239356422,2.663156896224625,63.69111308993767,52.87886549041928
2026-01-16T00:52:01,10000,0.99,10,8,3,3,0,0,0.11780499999999999,0.001735792614340782,0.032899000000000005,0.00112370503247071,0.6021836666666666,0.0019575092166662926,0.19229933333333335,0.002380075699076246,0.008987666666666666,9.39432452778443e-05,0.004619666666666667,0.00040826502830065354,3.5808079272926223,3.13149118215005,1.945522764990259,67.00111263583428,41.626235659138466
2026-01-16T00:52:11,10000,0.99,20,1,3,3,0,0,0.11697433333333333,0.0003566403417076276,0.10964366666666665,0.00020123949247931815,1.200056,0.0012732992578338112,1.3284016666666665,0.0021812455921636164,0.017818666666666667,2.4946609656089594e-05,0.017774333333333336,0.00010497777542572237,1.0668590069041837,0.903383389311215,1.0024942332576936,67.34824902723736,74.73707405809873
2026-01-16T00:52:18,10000,0.99,20,2,3,3,0,0,0.11811299999999998,0.0009785862251227536,0.057348,4.887739763939944e-05,1.199992,0.0010034560279354437,0.688072,0.0005689042098631267,0.017967666666666667,0.00013890404361764682,0.009254333333333335,0.0001565322118074534,2.059583594894329,1.7439919078235997,1.9415408997586712,66.7861900079773,74.35133090804307
2026-01-16T00:52:23,10000,0.99,20,4,3,3,0,0,0.11800866666666666,0.0002400340253658468,0.031151333333333336,2.3459184413217058e-05,1.1965263333333331,0.0007441352923584088,0.37211466666666665,0.00036895708874249523,0.01840666666666667,4.020364825899926e-05,0.0066686666666666665,7.782244748999669e-05,3.7882380636462853,3.2154774872261593,2.7601719484154756,65.0050525172039,55.800459862041386
2026-01-16T00:52:29,10000,0.99,20,8,3,3,0,0,0.117263,0.0004557762609000193,0.03558666666666666,0.0017426675911754758,1.2014539999999998,0.0018898327968367831,0.3853933333333333,0.002342777055832109,0.017796666666666665,0.0003082228630931411,0.008159333333333333,0.00028892271169524435,3.2951386286998883,3.1174747876628204,2.1811422501838384,67.51005806330772,47.233434104093476
